{
	"credit": "Made with Blockbench",
	"texture_size": [32, 32],
	"textures": {
		"0": "./frost_scythe",
		"particle": "./frost_scythe"
	},
	"elements": [
		{
			"from": [13, 2, 9],
			"to": [14, 3, 10],
			"rotation": {"angle": 0, "axis": "y", "origin": [23, 10, 17]},
			"faces": {
				"north": {"uv": [2, 15, 2.5, 15.5], "texture": "#0"},
				"east": {"uv": [2, 15, 2.5, 15.5], "texture": "#0"},
				"south": {"uv": [2, 15, 2.5, 15.5], "texture": "#0"},
				"west": {"uv": [2, 15, 2.5, 15.5], "texture": "#0"},
				"up": {"uv": [2, 15, 2.5, 15.5], "texture": "#0"},
				"down": {"uv": [2, 15, 2.5, 15.5], "texture": "#0"}
			}
		},
		{
			"from": [11, 4, 9],
			"to": [12, 5, 10],
			"rotation": {"angle": 0, "axis": "y", "origin": [22, 12, 17]},
			"faces": {
				"north": {"uv": [3.5, 13.5, 4, 14], "texture": "#0"},
				"east": {"uv": [3.5, 13.5, 4, 14], "texture": "#0"},
				"south": {"uv": [3.5, 13.5, 4, 14], "texture": "#0"},
				"west": {"uv": [3.5, 13.5, 4, 14], "texture": "#0"},
				"up": {"uv": [3.5, 13.5, 4, 14], "texture": "#0"},
				"down": {"uv": [3.5, 13.5, 4, 14], "texture": "#0"}
			}
		},
		{
			"from": [12, 3, 9],
			"to": [14, 6, 10],
			"rotation": {"angle": 0, "axis": "y", "origin": [22, 13, 17]},
			"faces": {
				"north": {"uv": [2.5, 13, 3.5, 14.5], "texture": "#0"},
				"east": {"uv": [2.5, 13, 3, 14.5], "texture": "#0"},
				"south": {"uv": [3.5, 13, 2.5, 14.5], "texture": "#0"},
				"west": {"uv": [3, 13, 3.5, 14.5], "texture": "#0"},
				"up": {"uv": [2.5, 13, 3.5, 13.5], "texture": "#0"},
				"down": {"uv": [3.5, 14, 2.5, 14.5], "texture": "#0"}
			}
		},
		{
			"from": [10, 7, 9],
			"to": [11, 8, 10],
			"rotation": {"angle": 0, "axis": "y", "origin": [19, 15, 17]},
			"faces": {
				"north": {"uv": [4, 12, 4.5, 12.5], "texture": "#0"},
				"east": {"uv": [4, 12, 4.5, 12.5], "texture": "#0"},
				"south": {"uv": [4, 12, 4.5, 12.5], "texture": "#0"},
				"west": {"uv": [4, 12, 4.5, 12.5], "texture": "#0"},
				"up": {"uv": [4, 12, 4.5, 12.5], "texture": "#0"},
				"down": {"uv": [4, 12, 4.5, 12.5], "texture": "#0"}
			}
		},
		{
			"from": [7, 8, 9],
			"to": [8, 9, 10],
			"rotation": {"angle": 0, "axis": "y", "origin": [19, 16, 17]},
			"faces": {
				"north": {"uv": [5.5, 11.5, 6, 12], "texture": "#0"},
				"east": {"uv": [5.5, 11.5, 6, 12], "texture": "#0"},
				"south": {"uv": [5.5, 11.5, 6, 12], "texture": "#0"},
				"west": {"uv": [5.5, 11.5, 6, 12], "texture": "#0"},
				"up": {"uv": [5.5, 11.5, 6, 12], "texture": "#0"},
				"down": {"uv": [5.5, 11.5, 6, 12], "texture": "#0"}
			}
		},
		{
			"from": [9, 6, 9],
			"to": [10, 9, 10],
			"rotation": {"angle": 0, "axis": "y", "origin": [21, 16, 17]},
			"faces": {
				"north": {"uv": [4.5, 11.5, 5, 13], "texture": "#0"},
				"east": {"uv": [4.5, 11.5, 5, 13], "texture": "#0"},
				"south": {"uv": [4.5, 11.5, 5, 13], "texture": "#0"},
				"west": {"uv": [4.5, 11.5, 5, 13], "texture": "#0"},
				"up": {"uv": [4.5, 11.5, 5, 12], "texture": "#0"},
				"down": {"uv": [4.5, 12.5, 5, 13], "texture": "#0"}
			}
		},
		{
			"from": [10, 5, 9],
			"to": [12, 7, 10],
			"rotation": {"angle": 0, "axis": "y", "origin": [21, 14, 17]},
			"faces": {
				"north": {"uv": [3.5, 12.5, 4.5, 13.5], "texture": "#0"},
				"east": {"uv": [3.5, 12.5, 4, 13.5], "texture": "#0"},
				"south": {"uv": [4.5, 12.5, 3.5, 13.5], "texture": "#0"},
				"west": {"uv": [4, 12.5, 4.5, 13.5], "texture": "#0"},
				"up": {"uv": [4.5, 12.5, 3.5, 13], "texture": "#0"},
				"down": {"uv": [4.5, 13, 3.5, 13.5], "texture": "#0"}
			}
		},
		{
			"from": [5, 10, 9],
			"to": [6, 11, 10],
			"rotation": {"angle": 0, "axis": "y", "origin": [17, 18, 17]},
			"faces": {
				"north": {"uv": [6.5, 10.5, 7, 11], "texture": "#0"},
				"east": {"uv": [6.5, 10.5, 7, 11], "texture": "#0"},
				"south": {"uv": [6.5, 10.5, 7, 11], "texture": "#0"},
				"west": {"uv": [6.5, 10.5, 7, 11], "texture": "#0"},
				"up": {"uv": [6.5, 10.5, 7, 11], "texture": "#0"},
				"down": {"uv": [6.5, 10.5, 7, 11], "texture": "#0"}
			}
		},
		{
			"from": [4, 11, 9],
			"to": [6, 16, 10],
			"rotation": {"angle": 0, "axis": "y", "origin": [17, 15, 17]},
			"faces": {
				"north": {"uv": [6.5, 8, 7.5, 10.5], "texture": "#0"},
				"east": {"uv": [3.85185, 5.76, 4.44444, 8.96], "texture": "#missing"},
				"south": {"uv": [7.5, 8, 6.5, 10.5], "texture": "#0"},
				"west": {"uv": [7, 8, 7.5, 10.5], "texture": "#0"},
				"up": {"uv": [3.85185, 5.76, 4.44444, 8.96], "texture": "#missing"},
				"down": {"uv": [7.5, 10, 6.5, 10.5], "texture": "#0"}
			}
		},
		{
			"from": [6, 13, 9],
			"to": [7, 16, 10],
			"rotation": {"angle": 0, "axis": "y", "origin": [19, 15, 17]},
			"faces": {
				"north": {"uv": [6, 8, 6.5, 9.5], "texture": "#0"},
				"east": {"uv": [6, 8, 6.5, 9.5], "texture": "#0"},
				"south": {"uv": [6, 8, 6.5, 9.5], "texture": "#0"},
				"west": {"uv": [3.55556, 5.76, 3.85185, 7.68], "texture": "#missing"},
				"up": {"uv": [6, 8, 6.5, 8.5], "texture": "#0"},
				"down": {"uv": [3.55556, 5.76, 3.85185, 7.68], "texture": "#missing"}
			}
		},
		{
			"from": [3, 16, 9],
			"to": [6, 17, 10],
			"rotation": {"angle": 0, "axis": "y", "origin": [16, 24, 17]},
			"faces": {
				"north": {"uv": [6.5, 7.5, 8, 8], "texture": "#0"},
				"east": {"uv": [6.5, 7.5, 7, 8], "texture": "#0"},
				"south": {"uv": [8, 7.5, 6.5, 8], "texture": "#0"},
				"west": {"uv": [7.5, 7.5, 8, 8], "texture": "#0"},
				"up": {"uv": [3.85185, 5.12, 4.74074, 5.76], "texture": "#missing"},
				"down": {"uv": [8, 7.5, 6.5, 8], "texture": "#0"}
			}
		},
		{
			"from": [5, 19, 9],
			"to": [6, 20, 10],
			"rotation": {"angle": 0, "axis": "y", "origin": [16, 27, 17]},
			"faces": {
				"north": {"uv": [6.5, 6, 7, 6.5], "texture": "#0"},
				"east": {"uv": [6.5, 6, 7, 6.5], "texture": "#0"},
				"south": {"uv": [6.5, 6, 7, 6.5], "texture": "#0"},
				"west": {"uv": [6.5, 6, 7, 6.5], "texture": "#0"},
				"up": {"uv": [6.5, 6, 7, 6.5], "texture": "#0"},
				"down": {"uv": [6.5, 6, 7, 6.5], "texture": "#0"}
			}
		},
		{
			"from": [2, 18, 9],
			"to": [5, 20, 10],
			"rotation": {"angle": 0, "axis": "y", "origin": [15, 27, 17]},
			"faces": {
				"north": {"uv": [7, 6, 8.5, 7], "texture": "#0"},
				"east": {"uv": [7, 6, 7.5, 7], "texture": "#0"},
				"south": {"uv": [8.5, 6, 7, 7], "texture": "#0"},
				"west": {"uv": [8, 6, 8.5, 7], "texture": "#0"},
				"up": {"uv": [8.5, 6, 7, 6.5], "texture": "#0"},
				"down": {"uv": [8.5, 6.5, 7, 7], "texture": "#0"}
			}
		},
		{
			"from": [1, 19, 9],
			"to": [2, 22, 10],
			"rotation": {"angle": 0, "axis": "y", "origin": [12, 29, 17]},
			"faces": {
				"north": {"uv": [8.5, 5, 9, 6.5], "texture": "#0"},
				"east": {"uv": [5.03704, 1.92, 6.51822, 3.84], "texture": "#missing"},
				"south": {"uv": [9, 5, 8.5, 6.5], "texture": "#0"},
				"west": {"uv": [8.5, 5, 9, 6.5], "texture": "#0"},
				"up": {"uv": [9, 5, 8.5, 5.5], "texture": "#0"},
				"down": {"uv": [9, 6, 8.5, 6.5], "texture": "#0"}
			}
		},
		{
			"from": [-3, 20, 9],
			"to": [1, 22, 10],
			"rotation": {"angle": 0, "axis": "y", "origin": [11, 29, 17]},
			"faces": {
				"north": {"uv": [9, 5, 11, 6], "texture": "#0"},
				"east": {"uv": [5.03704, 1.92, 6.51822, 3.84], "texture": "#missing"},
				"south": {"uv": [10.5, 5, 8.5, 6], "texture": "#0"},
				"west": {"uv": [10.5, 5, 11, 6], "texture": "#0"},
				"up": {"uv": [11, 5, 8.5, 5.5], "texture": "#0"},
				"down": {"uv": [11, 5.5, 9, 6], "texture": "#0"}
			}
		},
		{
			"from": [-3, 19, 9],
			"to": [-1, 20, 10],
			"rotation": {"angle": 0, "axis": "y", "origin": [11, 28, 17]},
			"faces": {
				"north": {"uv": [10, 6, 11, 6.5], "texture": "#0"},
				"east": {"uv": [10, 6, 10.5, 6.5], "texture": "#0"},
				"south": {"uv": [11, 6, 10, 6.5], "texture": "#0"},
				"west": {"uv": [10.5, 5.5, 11, 6], "texture": "#0"},
				"up": {"uv": [11, 5, 8.5, 5.5], "texture": "#0"},
				"down": {"uv": [11, 6, 8.5, 6.5], "texture": "#0"}
			}
		},
		{
			"from": [-1, 19, 9.25],
			"to": [1, 20, 9.75],
			"rotation": {"angle": 0, "axis": "y", "origin": [13, 28, 17]},
			"faces": {
				"north": {"uv": [9, 6, 10, 6.5], "texture": "#0"},
				"east": {"uv": [5.03704, 1.92, 6.51822, 3.84], "texture": "#missing"},
				"south": {"uv": [10, 6, 9, 6.5], "texture": "#0"},
				"west": {"uv": [10.5, 5.5, 11, 6], "texture": "#0"},
				"up": {"uv": [11, 5, 8.5, 5.5], "texture": "#0"},
				"down": {"uv": [10, 6, 9, 6.5], "texture": "#0"}
			}
		},
		{
			"from": [2, 20, 9],
			"to": [4, 23, 10],
			"rotation": {"angle": 0, "axis": "y", "origin": [14, 27, 17]},
			"faces": {
				"north": {"uv": [7.5, 4.5, 8.5, 6], "texture": "#0"},
				"east": {"uv": [7.5, 4.5, 8, 6], "texture": "#0"},
				"south": {"uv": [8.5, 4.5, 7.5, 6], "texture": "#0"},
				"west": {"uv": [8, 4.5, 8.5, 6], "texture": "#0"},
				"up": {"uv": [8.5, 4.5, 7.5, 5], "texture": "#0"},
				"down": {"uv": [4.44444, 1.28, 5.03704, 3.2], "texture": "#missing"}
			}
		},
		{
			"from": [3, 17, 9],
			"to": [8, 18, 10],
			"rotation": {"angle": 0, "axis": "y", "origin": [16, 25, 17]},
			"faces": {
				"north": {"uv": [5.5, 7, 8, 7.5], "texture": "#0"},
				"east": {"uv": [5.5, 7, 6, 7.5], "texture": "#0"},
				"south": {"uv": [8, 7, 5.5, 7.5], "texture": "#0"},
				"west": {"uv": [7.5, 7, 8, 7.5], "texture": "#0"},
				"up": {"uv": [8, 7, 5.5, 7.5], "texture": "#0"},
				"down": {"uv": [8, 7, 5.5, 7.5], "texture": "#0"}
			}
		},
		{
			"from": [8, 11, 9],
			"to": [9, 12, 10],
			"rotation": {"angle": 0, "axis": "y", "origin": [21, 20, 17]},
			"faces": {
				"north": {"uv": [5, 10, 5.5, 10.5], "texture": "#0"},
				"east": {"uv": [5, 10, 5.5, 10.5], "texture": "#0"},
				"south": {"uv": [5, 10, 5.5, 10.5], "texture": "#0"},
				"west": {"uv": [5, 10, 5.5, 10.5], "texture": "#0"},
				"up": {"uv": [5, 10, 5.5, 10.5], "texture": "#0"},
				"down": {"uv": [5, 10, 5.5, 10.5], "texture": "#0"}
			}
		},
		{
			"from": [8, 12, 9],
			"to": [10, 14, 10],
			"rotation": {"angle": 0, "axis": "y", "origin": [22, 19, 17]},
			"faces": {
				"north": {"uv": [4.5, 9, 5.5, 10], "texture": "#0"},
				"east": {"uv": [4.5, 9, 5, 10], "texture": "#0"},
				"south": {"uv": [5.5, 9, 4.5, 10], "texture": "#0"},
				"west": {"uv": [5, 9, 5.5, 10], "texture": "#0"},
				"up": {"uv": [5.5, 9, 4.5, 9.5], "texture": "#0"},
				"down": {"uv": [5.5, 9.5, 4.5, 10], "texture": "#0"}
			}
		},
		{
			"from": [10, 13, 9],
			"to": [11, 14, 10],
			"rotation": {"angle": 0, "axis": "y", "origin": [23, 19, 17]},
			"faces": {
				"north": {"uv": [4, 9, 4.5, 9.5], "texture": "#0"},
				"east": {"uv": [4, 9, 4.5, 9.5], "texture": "#0"},
				"south": {"uv": [4, 9, 4.5, 9.5], "texture": "#0"},
				"west": {"uv": [4, 9, 4.5, 9.5], "texture": "#0"},
				"up": {"uv": [4, 9, 4.5, 9.5], "texture": "#0"},
				"down": {"uv": [4, 9, 4.5, 9.5], "texture": "#0"}
			}
		},
		{
			"from": [6, 9, 9],
			"to": [8, 13, 10],
			"rotation": {"angle": 0, "axis": "y", "origin": [18, 17, 17]},
			"faces": {
				"north": {"uv": [5.5, 9.5, 6.5, 11.5], "texture": "#0"},
				"east": {"uv": [5.5, 9.5, 6, 11.5], "texture": "#0"},
				"south": {"uv": [6.5, 9.5, 5.5, 11.5], "texture": "#0"},
				"west": {"uv": [6, 9.5, 6.5, 11.5], "texture": "#0"},
				"up": {"uv": [5, 9.5, 6, 10], "texture": "#0"},
				"down": {"uv": [6.5, 11, 5.5, 11.5], "texture": "#0"}
			}
		},
		{
			"from": [8, 7, 9],
			"to": [9, 10, 10],
			"rotation": {"angle": 0, "axis": "y", "origin": [20, 17, 17]},
			"faces": {
				"north": {"uv": [5, 11, 5.5, 12.5], "texture": "#0"},
				"east": {"uv": [5, 11, 5.5, 12.5], "texture": "#0"},
				"south": {"uv": [5, 11, 5.5, 12.5], "texture": "#0"},
				"west": {"uv": [5, 11, 5.5, 12.5], "texture": "#0"},
				"up": {"uv": [5, 11, 5.5, 11.5], "texture": "#0"},
				"down": {"uv": [5, 12, 5.5, 12.5], "texture": "#0"}
			}
		},
		{
			"from": [16, 1, 9],
			"to": [19, 2, 10],
			"rotation": {"angle": 0, "axis": "y", "origin": [29, 9, 17]},
			"faces": {
				"north": {"uv": [0, 15, 1.5, 15.5], "texture": "#0"},
				"east": {"uv": [0, 15, 0.5, 15.5], "texture": "#0"},
				"south": {"uv": [1.5, 15, 0, 15.5], "texture": "#0"},
				"west": {"uv": [0, 15, 1.5, 15.5], "texture": "#missing"},
				"up": {"uv": [1.5, 15, 0, 15.5], "texture": "#0"},
				"down": {"uv": [1.5, 15, 0, 15.5], "texture": "#0"}
			}
		},
		{
			"from": [16, 3, 9],
			"to": [17, 4, 10],
			"rotation": {"angle": 0, "axis": "y", "origin": [28, 11, 17]},
			"faces": {
				"north": {"uv": [1, 14, 1.5, 14.5], "texture": "#0"},
				"east": {"uv": [1, 14, 1.5, 14.5], "texture": "#0"},
				"south": {"uv": [1, 14, 1.5, 14.5], "texture": "#0"},
				"west": {"uv": [1, 14, 1.5, 14.5], "texture": "#0"},
				"up": {"uv": [1, 14, 1.5, 14.5], "texture": "#0"},
				"down": {"uv": [1, 14, 1.5, 14.5], "texture": "#0"}
			}
		},
		{
			"from": [14, 1, 9],
			"to": [16, 4, 10],
			"rotation": {"angle": 0, "axis": "y", "origin": [27, 11, 17]},
			"faces": {
				"north": {"uv": [1.5, 14, 2.5, 15.5], "texture": "#0"},
				"east": {"uv": [1.5, 14, 2, 15.5], "texture": "#0"},
				"south": {"uv": [2.5, 14, 1.5, 15.5], "texture": "#0"},
				"west": {"uv": [2, 14, 2.5, 15.5], "texture": "#0"},
				"up": {"uv": [1.5, 14, 2.5, 14.5], "texture": "#0"},
				"down": {"uv": [2.5, 15, 1.5, 15.5], "texture": "#0"}
			}
		},
		{
			"from": [15, 0, 9],
			"to": [17, 1, 10],
			"rotation": {"angle": 0, "axis": "y", "origin": [24, 8, 17]},
			"faces": {
				"north": {"uv": [1, 15.5, 2, 16], "texture": "#0"},
				"east": {"uv": [1, 15.5, 1.5, 16], "texture": "#0"},
				"south": {"uv": [2, 15.5, 1, 16], "texture": "#0"},
				"west": {"uv": [1.5, 15.5, 2, 16], "texture": "#0"},
				"up": {"uv": [1, 15.5, 2, 16], "texture": "#missing"},
				"down": {"uv": [2, 15.5, 1, 16], "texture": "#0"}
			}
		},
		{
			"from": [4, 21, 9],
			"to": [5, 23, 10],
			"rotation": {"angle": 0, "axis": "y", "origin": [12, 28, 17]},
			"faces": {
				"north": {"uv": [7, 4.5, 7.5, 5.5], "texture": "#0"},
				"east": {"uv": [7, 4.5, 7.5, 5.5], "texture": "#0"},
				"south": {"uv": [7, 4.5, 7.5, 5.5], "texture": "#0"},
				"west": {"uv": [4.14815, 1.28, 4.44444, 2.55936], "texture": "#missing"},
				"up": {"uv": [7, 4.5, 7.5, 5], "texture": "#0"},
				"down": {"uv": [7, 5, 7.5, 5.5], "texture": "#0"}
			}
		},
		{
			"from": [5, 22, 9],
			"to": [6, 24, 10],
			"rotation": {"angle": 0, "axis": "y", "origin": [13, 30, 17]},
			"faces": {
				"north": {"uv": [6.5, 4, 7, 5], "texture": "#0"},
				"east": {"uv": [6.5, 4, 7, 5], "texture": "#0"},
				"south": {"uv": [6.5, 4, 7, 5], "texture": "#0"},
				"west": {"uv": [6.5, 4, 7, 5], "texture": "#0"},
				"up": {"uv": [6.5, 4, 7, 4.5], "texture": "#0"},
				"down": {"uv": [6.5, 4.5, 7, 5], "texture": "#0"}
			}
		},
		{
			"from": [2, 23, 9],
			"to": [3, 24, 10],
			"rotation": {"angle": 0, "axis": "y", "origin": [11, 31, 17]},
			"faces": {
				"north": {"uv": [8, 4, 8.5, 4.5], "texture": "#0"},
				"east": {"uv": [8, 4, 8.5, 4.5], "texture": "#0"},
				"south": {"uv": [8, 4, 8.5, 4.5], "texture": "#0"},
				"west": {"uv": [8, 4, 8.5, 4.5], "texture": "#0"},
				"up": {"uv": [8, 4, 8.5, 4.5], "texture": "#0"},
				"down": {"uv": [8, 4, 8.5, 4.5], "texture": "#0"}
			}
		},
		{
			"from": [0, 22, 9],
			"to": [1, 25, 10],
			"rotation": {"angle": 0, "axis": "y", "origin": [9, 30, 17]},
			"faces": {
				"north": {"uv": [9, 3.5, 9.5, 5], "texture": "#0"},
				"east": {"uv": [9, 3.5, 9.5, 5], "texture": "#0"},
				"south": {"uv": [9, 3.5, 9.5, 5], "texture": "#0"},
				"west": {"uv": [9, 3.5, 9.5, 5], "texture": "#0"},
				"up": {"uv": [9, 3.5, 9.5, 4], "texture": "#0"},
				"down": {"uv": [5.33333, 0, 5.62963, 1.92], "texture": "#missing"}
			}
		},
		{
			"from": [3, 24, 9],
			"to": [4, 25, 10],
			"rotation": {"angle": 0, "axis": "y", "origin": [12, 32, 17]},
			"faces": {
				"north": {"uv": [7.5, 3.5, 8, 4], "texture": "#0"},
				"east": {"uv": [7.5, 3.5, 8, 4], "texture": "#0"},
				"south": {"uv": [7.5, 3.5, 8, 4], "texture": "#0"},
				"west": {"uv": [7.5, 3.5, 8, 4], "texture": "#0"},
				"up": {"uv": [7.5, 3.5, 8, 4], "texture": "#0"},
				"down": {"uv": [7.5, 3.5, 8, 4], "texture": "#0"}
			}
		},
		{
			"from": [-1, 18, 9.25],
			"to": [0, 19, 9.75],
			"rotation": {"angle": 0, "axis": "y", "origin": [8, 26, 17]},
			"faces": {
				"north": {"uv": [9.5, 6.5, 10, 7], "texture": "#0"},
				"east": {"uv": [9.5, 6.5, 10, 7], "texture": "#0"},
				"south": {"uv": [9.5, 6.5, 10, 7], "texture": "#0"},
				"west": {"uv": [9.5, 6.5, 10, 7], "texture": "#0"},
				"up": {"uv": [9.5, 6.5, 10, 7], "texture": "#0"},
				"down": {"uv": [9.5, 6.5, 10, 7], "texture": "#0"}
			}
		},
		{
			"from": [-2, 17, 9.25],
			"to": [-1, 18, 9.75],
			"rotation": {"angle": 0, "axis": "y", "origin": [7, 25, 17]},
			"faces": {
				"north": {"uv": [10, 7, 10.5, 7.5], "texture": "#0"},
				"east": {"uv": [10, 7, 10.5, 7.5], "texture": "#0"},
				"south": {"uv": [10, 7, 10.5, 7.5], "texture": "#0"},
				"west": {"uv": [10, 7, 10.5, 7.5], "texture": "#0"},
				"up": {"uv": [10, 7, 10.5, 7.5], "texture": "#0"},
				"down": {"uv": [10, 7, 10.5, 7.5], "texture": "#0"}
			}
		},
		{
			"from": [-3, 15, 9.25],
			"to": [-2, 17, 9.75],
			"rotation": {"angle": 0, "axis": "y", "origin": [6, 24, 17]},
			"faces": {
				"north": {"uv": [10.5, 7.5, 11, 8.5], "texture": "#0"},
				"east": {"uv": [10.5, 7.5, 11, 8.5], "texture": "#0"},
				"south": {"uv": [10.5, 7.5, 11, 8.5], "texture": "#0"},
				"west": {"uv": [10, 7, 10.5, 7.5], "texture": "#0"},
				"up": {"uv": [10, 7, 10.5, 7.5], "texture": "#0"},
				"down": {"uv": [10.5, 8, 11, 8.5], "texture": "#0"}
			}
		},
		{
			"from": [-5, 15, 9],
			"to": [-3, 17, 10],
			"rotation": {"angle": 0, "axis": "y", "origin": [6, 24, 17]},
			"faces": {
				"north": {"uv": [11, 7.5, 12, 8.5], "texture": "#0"},
				"east": {"uv": [11, 7.5, 11.5, 8.5], "texture": "#0"},
				"south": {"uv": [12, 7.5, 11, 8.5], "texture": "#0"},
				"west": {"uv": [11.5, 7.5, 12, 8.5], "texture": "#0"},
				"up": {"uv": [6.22222, 5.12, 7.11111, 6.39936], "texture": "#missing"},
				"down": {"uv": [12, 8, 11, 8.5], "texture": "#0"}
			}
		},
		{
			"from": [-5, 19, 9],
			"to": [-4, 20, 10],
			"rotation": {"angle": 0, "axis": "y", "origin": [4, 27, 17]},
			"faces": {
				"north": {"uv": [11.5, 6, 12, 6.5], "texture": "#0"},
				"east": {"uv": [11.5, 6, 12, 6.5], "texture": "#0"},
				"south": {"uv": [11.5, 6, 12, 6.5], "texture": "#0"},
				"west": {"uv": [11.5, 6, 12, 6.5], "texture": "#0"},
				"up": {"uv": [11.5, 6, 12, 6.5], "texture": "#0"},
				"down": {"uv": [11.5, 6, 12, 6.5], "texture": "#0"}
			}
		},
		{
			"from": [-6, 12, 9],
			"to": [-4, 15, 10],
			"rotation": {"angle": 0, "axis": "y", "origin": [3, 22, 17]},
			"faces": {
				"north": {"uv": [11.5, 8.5, 12.5, 10], "texture": "#0"},
				"east": {"uv": [11.5, 8.5, 12, 10], "texture": "#0"},
				"south": {"uv": [12.5, 8.5, 11.5, 10], "texture": "#0"},
				"west": {"uv": [12, 8.5, 12.5, 10], "texture": "#0"},
				"up": {"uv": [12.5, 8.5, 11, 9], "texture": "#0"},
				"down": {"uv": [12.5, 9.5, 11.5, 10], "texture": "#0"}
			}
		},
		{
			"from": [-4, 12, 9.25],
			"to": [-3, 15, 9.75],
			"rotation": {"angle": 0, "axis": "y", "origin": [4, 22, 17]},
			"faces": {
				"north": {"uv": [11, 8.5, 11.5, 10], "texture": "#0"},
				"east": {"uv": [11, 8.5, 11.5, 10], "texture": "#0"},
				"south": {"uv": [11.5, 8.5, 11, 10], "texture": "#0"},
				"west": {"uv": [12, 8.5, 12.5, 10], "texture": "#0"},
				"up": {"uv": [12.5, 8.5, 11, 9], "texture": "#0"},
				"down": {"uv": [11.5, 9.5, 11, 10], "texture": "#0"}
			}
		},
		{
			"from": [-7, 12, 9],
			"to": [-6, 14, 10],
			"rotation": {"angle": 0, "axis": "y", "origin": [0, 22, 17]},
			"faces": {
				"north": {"uv": [12.5, 9, 13, 10], "texture": "#0"},
				"east": {"uv": [7.40741, 7.04, 7.7037, 8.31936], "texture": "#missing"},
				"south": {"uv": [12.5, 9, 13, 10], "texture": "#0"},
				"west": {"uv": [12.5, 9, 13, 10], "texture": "#0"},
				"up": {"uv": [12.5, 9, 13, 9.5], "texture": "#0"},
				"down": {"uv": [12.5, 9.5, 13, 10], "texture": "#0"}
			}
		},
		{
			"from": [-8, 14, 9],
			"to": [-7, 15, 10],
			"rotation": {"angle": 0, "axis": "y", "origin": [-1, 24, 17]},
			"faces": {
				"north": {"uv": [13, 8.5, 13.5, 9], "texture": "#0"},
				"east": {"uv": [13, 8.5, 13.5, 9], "texture": "#0"},
				"south": {"uv": [13, 8.5, 13.5, 9], "texture": "#0"},
				"west": {"uv": [13, 8.5, 13.5, 9], "texture": "#0"},
				"up": {"uv": [13, 8.5, 13.5, 9], "texture": "#0"},
				"down": {"uv": [13, 8.5, 13.5, 9], "texture": "#0"}
			}
		},
		{
			"from": [-6, 9, 9],
			"to": [-5, 12, 10],
			"rotation": {"angle": 0, "axis": "y", "origin": [1, 21, 17]},
			"faces": {
				"north": {"uv": [12, 10, 12.5, 11.5], "texture": "#0"},
				"east": {"uv": [12, 10, 12.5, 11.5], "texture": "#0"},
				"south": {"uv": [12, 10, 12.5, 11.5], "texture": "#0"},
				"west": {"uv": [12, 10, 12.5, 11.5], "texture": "#0"},
				"up": {"uv": [12, 10, 12.5, 11.5], "texture": "#0"},
				"down": {"uv": [12, 10, 12.5, 11.5], "texture": "#0"}
			}
		},
		{
			"from": [-5, 9, 9.25],
			"to": [-4, 12, 9.75],
			"rotation": {"angle": 0, "axis": "y", "origin": [2, 21, 17]},
			"faces": {
				"north": {"uv": [11.5, 10, 12, 11.5], "texture": "#0"},
				"east": {"uv": [11.5, 10, 12, 11.5], "texture": "#0"},
				"south": {"uv": [11.5, 10, 12, 11.5], "texture": "#0"},
				"west": {"uv": [12, 10, 12.5, 11.5], "texture": "#0"},
				"up": {"uv": [12, 10, 12.5, 11.5], "texture": "#0"},
				"down": {"uv": [12, 10, 12.5, 11.5], "texture": "#0"}
			}
		},
		{
			"from": [-5, 7, 9],
			"to": [-4, 9, 10],
			"rotation": {"angle": 0, "axis": "y", "origin": [2, 17, 17]},
			"faces": {
				"north": {"uv": [11.5, 11.5, 12, 12.5], "texture": "#0"},
				"east": {"uv": [11.5, 11.5, 12, 12.5], "texture": "#0"},
				"south": {"uv": [12, 11.5, 11.5, 12.5], "texture": "#0"},
				"west": {"uv": [11.5, 11.5, 12, 12.5], "texture": "#0"},
				"up": {"uv": [11.5, 11.5, 12, 12], "texture": "#0"},
				"down": {"uv": [12, 12, 11.5, 12.5], "texture": "#0"}
			}
		},
		{
			"from": [-4, 5, 9.25],
			"to": [-3, 10, 9.75],
			"rotation": {"angle": 0, "axis": "y", "origin": [2, 17, 17]},
			"faces": {
				"north": {"uv": [11, 11, 11.5, 13.5], "texture": "#0"},
				"east": {"uv": [11, 11, 11.5, 13.5], "texture": "#0"},
				"south": {"uv": [11, 11, 11.5, 13.5], "texture": "#0"},
				"west": {"uv": [11, 12.5, 11.5, 13.5], "texture": "#0"},
				"up": {"uv": [11, 12.5, 11.5, 13.5], "texture": "#0"},
				"down": {"uv": [11, 12.5, 11.5, 13.5], "texture": "#0"}
			}
		},
		{
			"from": [-5, 18, 9],
			"to": [-1, 19, 10],
			"rotation": {"angle": 0, "axis": "y", "origin": [7, 26, 17]},
			"faces": {
				"north": {"uv": [10, 6.5, 12, 7], "texture": "#0"},
				"east": {"uv": [10, 6.5, 10.5, 7], "texture": "#0"},
				"south": {"uv": [12, 6.5, 10, 7], "texture": "#0"},
				"west": {"uv": [11.5, 6.5, 12, 7], "texture": "#0"},
				"up": {"uv": [12, 6.5, 10, 7], "texture": "#0"},
				"down": {"uv": [12, 7, 10, 7.5], "texture": "#0"}
			}
		},
		{
			"from": [-5, 17, 9],
			"to": [-2, 18, 10],
			"rotation": {"angle": 0, "axis": "y", "origin": [7, 25, 17]},
			"faces": {
				"north": {"uv": [10.5, 7, 12, 7.5], "texture": "#0"},
				"east": {"uv": [10.5, 7, 11, 7.5], "texture": "#0"},
				"south": {"uv": [12, 7, 10.5, 7.5], "texture": "#0"},
				"west": {"uv": [11.5, 7, 12, 7.5], "texture": "#0"},
				"up": {"uv": [12, 6.5, 10, 7], "texture": "#0"},
				"down": {"uv": [12, 7, 10.5, 7.5], "texture": "#0"}
			}
		},
		{
			"from": [-1, 22, 9],
			"to": [0, 23, 10],
			"rotation": {"angle": 0, "axis": "y", "origin": [8, 30, 17]},
			"faces": {
				"north": {"uv": [9.5, 4.5, 10, 5], "texture": "#0"},
				"east": {"uv": [9.5, 4.5, 10, 5], "texture": "#0"},
				"south": {"uv": [9.5, 4.5, 10, 5], "texture": "#0"},
				"west": {"uv": [9.5, 4.5, 10, 5], "texture": "#0"},
				"up": {"uv": [9.5, 4.5, 10, 5], "texture": "#0"},
				"down": {"uv": [9.5, 4.5, 10, 5], "texture": "#0"}
			}
		},
		{
			"from": [-3, 22, 9],
			"to": [-2, 23, 10],
			"rotation": {"angle": 0, "axis": "y", "origin": [6, 30, 17]},
			"faces": {
				"north": {"uv": [10.5, 4.5, 11, 5], "texture": "#0"},
				"east": {"uv": [10.5, 4.5, 11, 5], "texture": "#0"},
				"south": {"uv": [10.5, 4.5, 11, 5], "texture": "#0"},
				"west": {"uv": [10.5, 4.5, 11, 5], "texture": "#0"},
				"up": {"uv": [10.5, 4.5, 11, 5], "texture": "#0"},
				"down": {"uv": [10.5, 4.5, 11, 5], "texture": "#0"}
			}
		}
	],
	"gui_light": "front",
	"display": {
		"thirdperson_righthand": {
			"rotation": [-40, -90, -90],
			"translation": [1.5, 0, 1.5]
		},
		"thirdperson_lefthand": {
			"rotation": [67, 0, -9],
			"translation": [-4.75, -5.5, 4.75]
		},
		"firstperson_righthand": {
			"rotation": [40, -90, 20],
			"translation": [1, 2.75, 1.5],
			"scale": [0.7, 0.7, 0.7]
		},
		"firstperson_lefthand": {
			"rotation": [-5, 90, 20],
			"translation": [-1, 2.75, 1.5],
			"scale": [0.7, 0.7, 0.7]
		},
		"ground": {
			"translation": [0, 3, 0],
			"scale": [0.5, 0.5, 0.5]
		},
		"gui": {
			"rotation": [0, -180, 0],
			"translation": [-1.25, -2.75, 0],
			"scale": [0.6, 0.6, 0.6]
		},
		"fixed": {
			"translation": [0.75, -2, -1],
			"scale": [0.6, 0.6, 0.6]
		}
	},
	"groups": [
		{
			"name": "sense",
			"origin": [18, 8, 17],
			"children": [0, 1, 2, 3, 4, 5, 6, 7, 8, 9, 10, 11, 12, 13, 14, 15, 16, 17, 18, 19, 20, 21, 22, 23, 24, 25, 26, 27, 28, 29, 30, 31, 32, 33, 34, 35, 36, 37, 38, 39, 40, 41, 42, 43, 44, 45, 46, 47, 48, 49]
		}
	]
}