{
	"credit": "Made with Blockbench",
	"textures": {
		"0": "./nekromant",
		"particle": "./nekromant"
	},
	"elements": [
		{
			"from": [3, 0, 0],
			"to": [13, 17, 1],
			"rotation": {"angle": 0, "axis": "y", "origin": [20, 8, 8]},
			"faces": {
				"north": {"uv": [0.75, 0.5, 3.25, 4.75], "texture": "#0"},
				"east": {"uv": [4, 0.5, 4.25, 4.75], "texture": "#0"},
				"south": {"uv": [0.75, 0.5, 3.25, 4.75], "texture": "#0"},
				"west": {"uv": [4, 0.5, 4.25, 4.75], "texture": "#0"},
				"up": {"uv": [4, 0.5, 4.25, 4.75], "texture": "#0"},
				"down": {"uv": [4, 0.5, 4.25, 4.75], "texture": "#0"}
			}
		},
		{
			"from": [13, 8, 0],
			"to": [16, 13, 1],
			"rotation": {"angle": 0, "axis": "y", "origin": [21, 16, 8]},
			"faces": {
				"north": {"uv": [0, 1.5, 0.75, 2.75], "texture": "#0"},
				"east": {"uv": [4, 0, 4.25, 4.75], "texture": "#0"},
				"south": {"uv": [3.25, 1.5, 4, 2.75], "texture": "#0"},
				"west": {"uv": [0, 0, 1, 5], "texture": "#missing"},
				"up": {"uv": [4, 3.5, 4.25, 4.5], "texture": "#0"},
				"down": {"uv": [4, 3.75, 4.25, 4.75], "texture": "#0"}
			}
		},
		{
			"from": [0, 8, 0],
			"to": [3, 13, 1],
			"rotation": {"angle": 0, "axis": "y", "origin": [8, 16, 8]},
			"faces": {
				"north": {"uv": [3.25, 1.5, 4, 2.75], "texture": "#0"},
				"east": {"uv": [0, 0, 1, 4], "texture": "#missing"},
				"south": {"uv": [0, 1.5, 0.75, 2.75], "texture": "#0"},
				"west": {"uv": [4, 0.75, 4.25, 4.75], "texture": "#0"},
				"up": {"uv": [4, 3.75, 4.25, 4.75], "texture": "#0"},
				"down": {"uv": [4, 3.75, 4.25, 4.75], "texture": "#0"}
			}
		},
		{
			"from": [2, 13, 0],
			"to": [3, 17, 1],
			"rotation": {"angle": 0, "axis": "y", "origin": [10, 20, 8]},
			"faces": {
				"north": {"uv": [3.25, 0.5, 3.5, 1.5], "texture": "#0"},
				"east": {"uv": [0, 0, 1, 4], "texture": "#missing"},
				"south": {"uv": [0.5, 0.5, 0.75, 1.5], "texture": "#0"},
				"west": {"uv": [4, 0.75, 4.25, 4.75], "texture": "#0"},
				"up": {"uv": [4, 3.5, 4.25, 4.5], "texture": "#0"},
				"down": {"uv": [0, 0, 1, 1], "texture": "#missing"}
			}
		},
		{
			"from": [13, 13, 0],
			"to": [14, 17, 1],
			"rotation": {"angle": 0, "axis": "y", "origin": [21, 20, 8]},
			"faces": {
				"north": {"uv": [0.5, 0.5, 0.75, 1.5], "texture": "#0"},
				"east": {"uv": [4, 0.75, 4.25, 4.75], "texture": "#0"},
				"south": {"uv": [3.25, 0.5, 3.5, 1.5], "texture": "#0"},
				"west": {"uv": [0, 0, 1, 4], "texture": "#missing"},
				"up": {"uv": [4, 3.5, 4.25, 4.5], "texture": "#0"},
				"down": {"uv": [0, 0, 1, 1], "texture": "#missing"}
			}
		},
		{
			"from": [5, 17, 0],
			"to": [11, 19, 1],
			"rotation": {"angle": 0, "axis": "y", "origin": [18, 25, 8]},
			"faces": {
				"north": {"uv": [1.25, 0, 2.75, 0.5], "texture": "#0"},
				"east": {"uv": [4, 4.25, 4.25, 4.75], "texture": "#0"},
				"south": {"uv": [1.25, 0, 2.75, 0.5], "texture": "#0"},
				"west": {"uv": [4, 4.25, 4.25, 4.75], "texture": "#0"},
				"up": {"uv": [4, 0, 4.25, 4.75], "texture": "#0"},
				"down": {"uv": [0, 0, 6, 1], "texture": "#missing"}
			}
		},
		{
			"from": [7, 6, 1],
			"to": [9, 7, 7],
			"rotation": {"angle": 0, "axis": "y", "origin": [15, 14, 9]},
			"faces": {
				"north": {"uv": [5, 4, 6.5, 4.25], "texture": "#0"},
				"east": {"uv": [4.75, 1.75, 6.25, 2], "texture": "#0"},
				"south": {"uv": [4.75, 1.75, 6.25, 2], "texture": "#0"},
				"west": {"uv": [4.75, 1.75, 6.25, 2], "texture": "#0"},
				"up": {"uv": [4.75, 1.75, 6.25, 2], "texture": "#0"},
				"down": {"uv": [4.75, 1.75, 6.25, 2], "texture": "#0"}
			}
		},
		{
			"from": [7, 7, 6],
			"to": [9, 11, 7],
			"rotation": {"angle": 0, "axis": "y", "origin": [15, 16, 14]},
			"faces": {
				"north": {"uv": [6, 0.5, 6.25, 2], "texture": "#0"},
				"east": {"uv": [6, 0.5, 6.25, 2], "texture": "#0"},
				"south": {"uv": [6, 0.5, 6.25, 2], "texture": "#0"},
				"west": {"uv": [6, 0.5, 6.25, 2], "texture": "#0"},
				"up": {"uv": [6, 0.5, 6.25, 2], "texture": "#0"},
				"down": {"uv": [6, 0.5, 6.25, 2], "texture": "#0"}
			}
		},
		{
			"from": [7, 11, 1],
			"to": [9, 12, 7],
			"rotation": {"angle": 0, "axis": "y", "origin": [15, 19, 9]},
			"faces": {
				"north": {"uv": [6, 4.75, 7.5, 5], "texture": "#0"},
				"east": {"uv": [4.75, 0.5, 6.25, 0.75], "texture": "#0"},
				"south": {"uv": [4.75, 0.5, 6.25, 0.75], "texture": "#0"},
				"west": {"uv": [4.75, 0.5, 6.25, 0.75], "texture": "#0"},
				"up": {"uv": [4.75, 0.5, 6.25, 0.75], "texture": "#0"},
				"down": {"uv": [4.75, 0.5, 6.25, 0.75], "texture": "#0"}
			}
		},
		{
			"from": [7, 7, 1],
			"to": [9, 11, 2],
			"rotation": {"angle": 0, "axis": "y", "origin": [15, 15, 9]},
			"faces": {
				"north": {"uv": [5, 3.25, 5.25, 4.75], "texture": "#0"},
				"east": {"uv": [4.75, 0.5, 5, 2], "texture": "#0"},
				"south": {"uv": [4.75, 0.5, 5, 2], "texture": "#0"},
				"west": {"uv": [4.75, 0.5, 5, 2], "texture": "#0"},
				"up": {"uv": [4.75, 0.5, 5, 2], "texture": "#0"},
				"down": {"uv": [4.75, 0.5, 5, 2], "texture": "#0"}
			}
		}
	],
	"gui_light": "front",
	"display": {
		"thirdperson_righthand": {
			"rotation": [0, -90, 0],
			"translation": [-4, -3, 3.75]
		},
		"thirdperson_lefthand": {
			"rotation": [0, -90, 0],
			"translation": [-4, -3, 3.75]
		},
		"firstperson_righthand": {
			"rotation": [0, -28, 0],
			"translation": [5.75, -5.5, 0]
		},
		"firstperson_lefthand": {
			"rotation": [0, -28, 0],
			"translation": [4.75, -5.5, 0]
		},
		"ground": {
			"translation": [0, 3, 0],
			"scale": [0.7, 0.7, 0.7]
		},
		"gui": {
			"translation": [0, -1, 0],
			"scale": [0.8, 0.8, 0.8]
		},
		"fixed": {
			"translation": [0, -1.5, 6],
			"scale": [0.85, 0.85, 0.85]
		}
	}
}