{
	"credit": "Made with Blockbench",
	"texture_size": [32, 32],
	"textures": {
		"0": "./broadsword",
		"particle": "./broadsword"
	},
	"elements": [
		{
			"from": [14, 1, 7],
			"to": [16, 3, 8],
			"rotation": {"angle": 0, "axis": "y", "origin": [8, 9, 15]},
			"faces": {
				"north": {"uv": [0.5, 14.5, 1.5, 15.5], "texture": "#0"},
				"east": {"uv": [0.5, 14.5, 1, 15.5], "texture": "#0"},
				"south": {"uv": [1.5, 14.5, 0.5, 15.5], "texture": "#0"},
				"west": {"uv": [1, 14.5, 1.5, 15.5], "texture": "#0"},
				"up": {"uv": [0.5, 14.5, 1.5, 15], "rotation": 90, "texture": "#0"},
				"down": {"uv": [0.5, 15, 1.5, 15.5], "rotation": 180, "texture": "#0"}
			}
		},
		{
			"from": [16, 1, 7],
			"to": [17, 2, 8],
			"rotation": {"angle": 0, "axis": "y", "origin": [8, 9, 15]},
			"faces": {
				"north": {"uv": [0, 15, 0.5, 15.5], "texture": "#0"},
				"east": {"uv": [0, 15, 0.5, 15.5], "texture": "#0"},
				"south": {"uv": [0, 15, 0.5, 15.5], "texture": "#0"},
				"west": {"uv": [0, 15, 0.5, 15.5], "texture": "#0"},
				"up": {"uv": [0, 15, 0.5, 15.5], "rotation": 90, "texture": "#0"},
				"down": {"uv": [0, 15, 0.5, 15.5], "rotation": 270, "texture": "#0"}
			}
		},
		{
			"from": [15, 0, 7],
			"to": [16, 1, 8],
			"rotation": {"angle": 0, "axis": "y", "origin": [8, 9, 15]},
			"faces": {
				"north": {"uv": [0.5, 15.5, 1, 16], "texture": "#0"},
				"east": {"uv": [0.5, 15.5, 1, 16], "texture": "#0"},
				"south": {"uv": [0.5, 15.5, 1, 16], "texture": "#0"},
				"west": {"uv": [0.5, 15.5, 1, 16], "texture": "#0"},
				"up": {"uv": [0.5, 15.5, 1, 16], "rotation": 90, "texture": "#0"},
				"down": {"uv": [0.5, 15.5, 1, 16], "rotation": 270, "texture": "#0"}
			}
		},
		{
			"from": [13, 2, 7.25],
			"to": [14, 3, 7.75],
			"rotation": {"angle": 0, "axis": "y", "origin": [8, 9, 15]},
			"faces": {
				"north": {"uv": [1.5, 14.5, 2, 15], "texture": "#0"},
				"east": {"uv": [1.5, 14.5, 2, 15], "texture": "#0"},
				"south": {"uv": [1.5, 14.5, 2, 15], "texture": "#0"},
				"west": {"uv": [1.5, 14.5, 2, 15], "texture": "#0"},
				"up": {"uv": [1.5, 14.5, 2, 15], "rotation": 90, "texture": "#0"},
				"down": {"uv": [1.5, 14.5, 2, 15], "rotation": 270, "texture": "#0"}
			}
		},
		{
			"from": [14, 3, 7.25],
			"to": [15, 4, 7.75],
			"rotation": {"angle": 0, "axis": "y", "origin": [8, 9, 15]},
			"faces": {
				"north": {"uv": [1, 14, 1.5, 14.5], "texture": "#0"},
				"east": {"uv": [1, 14, 1.5, 14.5], "texture": "#0"},
				"south": {"uv": [1, 14, 1.5, 14.5], "texture": "#0"},
				"west": {"uv": [1, 14, 1.5, 14.5], "texture": "#0"},
				"up": {"uv": [1, 14, 1.5, 14.5], "rotation": 90, "texture": "#0"},
				"down": {"uv": [1, 14, 1.5, 14.5], "rotation": 270, "texture": "#0"}
			}
		},
		{
			"from": [12, 5, 7.25],
			"to": [13, 6, 7.75],
			"rotation": {"angle": 0, "axis": "y", "origin": [8, 9, 15]},
			"faces": {
				"north": {"uv": [2, 13, 2.5, 13.5], "texture": "#0"},
				"east": {"uv": [2, 13, 2.5, 13.5], "texture": "#0"},
				"south": {"uv": [2, 13, 2.5, 13.5], "texture": "#0"},
				"west": {"uv": [2, 13, 2.5, 13.5], "texture": "#0"},
				"up": {"uv": [2, 13, 2.5, 13.5], "rotation": 90, "texture": "#0"},
				"down": {"uv": [2, 13, 2.5, 13.5], "rotation": 270, "texture": "#0"}
			}
		},
		{
			"from": [11, 4, 7.25],
			"to": [12, 5, 7.75],
			"rotation": {"angle": 0, "axis": "y", "origin": [8, 9, 15]},
			"faces": {
				"north": {"uv": [2.5, 13.5, 3, 14], "texture": "#0"},
				"east": {"uv": [2.5, 13.5, 3, 14], "texture": "#0"},
				"south": {"uv": [2.5, 13.5, 3, 14], "texture": "#0"},
				"west": {"uv": [2.5, 13.5, 3, 14], "texture": "#0"},
				"up": {"uv": [2.5, 13.5, 3, 14], "rotation": 90, "texture": "#0"},
				"down": {"uv": [2.5, 13.5, 3, 14], "rotation": 270, "texture": "#0"}
			}
		},
		{
			"from": [9, 6, 7.25],
			"to": [10, 7, 7.75],
			"rotation": {"angle": 0, "axis": "y", "origin": [8, 9, 15]},
			"faces": {
				"north": {"uv": [3.5, 12.5, 4, 13], "texture": "#0"},
				"east": {"uv": [3.5, 12.5, 4, 13], "texture": "#0"},
				"south": {"uv": [3.5, 12.5, 4, 13], "texture": "#0"},
				"west": {"uv": [3.5, 12.5, 4, 13], "texture": "#0"},
				"up": {"uv": [3.5, 12.5, 4, 13], "rotation": 90, "texture": "#0"},
				"down": {"uv": [3.5, 12.5, 4, 13], "rotation": 270, "texture": "#0"}
			}
		},
		{
			"from": [10, 7, 7.25],
			"to": [11, 8, 7.75],
			"rotation": {"angle": 0, "axis": "y", "origin": [8, 9, 15]},
			"faces": {
				"north": {"uv": [3, 12, 3.5, 12.5], "texture": "#0"},
				"east": {"uv": [3, 12, 3.5, 12.5], "texture": "#0"},
				"south": {"uv": [3, 12, 3.5, 12.5], "texture": "#0"},
				"west": {"uv": [3, 12, 3.5, 12.5], "texture": "#0"},
				"up": {"uv": [3, 12, 3.5, 12.5], "rotation": 90, "texture": "#0"},
				"down": {"uv": [3, 12, 3.5, 12.5], "rotation": 270, "texture": "#0"}
			}
		},
		{
			"from": [12, 3, 7.25],
			"to": [14, 5, 7.75],
			"rotation": {"angle": 0, "axis": "y", "origin": [8, 9, 15]},
			"faces": {
				"north": {"uv": [1.5, 13.5, 2.5, 14.5], "texture": "#0"},
				"east": {"uv": [1.5, 13.5, 2, 14.5], "texture": "#0"},
				"south": {"uv": [2.5, 13.5, 1.5, 14.5], "texture": "#0"},
				"west": {"uv": [2, 13.5, 2.5, 14.5], "texture": "#0"},
				"up": {"uv": [1.5, 13.5, 2.5, 14], "rotation": 180, "texture": "#0"},
				"down": {"uv": [1.5, 14, 2.5, 14.5], "rotation": 180, "texture": "#0"}
			}
		},
		{
			"from": [10, 5, 7.25],
			"to": [12, 7, 7.75],
			"rotation": {"angle": 0, "axis": "y", "origin": [8, 9, 15]},
			"faces": {
				"north": {"uv": [2.5, 12.5, 3.5, 13.5], "texture": "#0"},
				"east": {"uv": [2.5, 12.5, 3, 13.5], "texture": "#0"},
				"south": {"uv": [3.5, 12.5, 2.5, 13.5], "texture": "#0"},
				"west": {"uv": [3, 12.5, 3.5, 13.5], "texture": "#0"},
				"up": {"uv": [2.5, 12.5, 3.5, 13], "rotation": 180, "texture": "#0"},
				"down": {"uv": [2.5, 13, 3.5, 13.5], "rotation": 180, "texture": "#0"}
			}
		},
		{
			"from": [7, 8, 7],
			"to": [10, 9, 8],
			"rotation": {"angle": 0, "axis": "y", "origin": [8, 9, 15]},
			"faces": {
				"north": {"uv": [3.5, 11.5, 5, 12], "texture": "#0"},
				"east": {"uv": [3.5, 11.5, 4, 12], "texture": "#0"},
				"south": {"uv": [3.5, 11.5, 5, 12], "texture": "#0"},
				"west": {"uv": [4.5, 11.5, 5, 12], "texture": "#0"},
				"up": {"uv": [3.5, 11.5, 5, 12], "rotation": 90, "texture": "#0"},
				"down": {"uv": [3.5, 11.5, 5, 12], "rotation": 270, "texture": "#0"}
			}
		},
		{
			"from": [5, 8, 7.25],
			"to": [7, 9, 7.75],
			"rotation": {"angle": 0, "axis": "y", "origin": [8, 9, 15]},
			"faces": {
				"north": {"uv": [5, 11.5, 6, 12], "texture": "#0"},
				"east": {"uv": [0, 0, 1, 1], "texture": "#missing"},
				"south": {"uv": [6, 11.5, 5, 12], "texture": "#0"},
				"west": {"uv": [5.5, 11.5, 6, 12], "texture": "#0"},
				"up": {"uv": [0, 0, 1, 3], "rotation": 90, "texture": "#missing"},
				"down": {"uv": [5, 11.5, 6, 12], "rotation": 180, "texture": "#0"}
			}
		},
		{
			"from": [4, 9, 7.25],
			"to": [8, 13, 7.75],
			"rotation": {"angle": 0, "axis": "y", "origin": [8, 9, 15]},
			"faces": {
				"north": {"uv": [4.5, 9.5, 6.5, 11.5], "texture": "#0"},
				"east": {"uv": [4.5, 9.5, 5, 11.5], "texture": "#0"},
				"south": {"uv": [6.5, 9.5, 4.5, 11.5], "texture": "#0"},
				"west": {"uv": [6, 9.5, 6.5, 11.5], "texture": "#0"},
				"up": {"uv": [4.5, 9.5, 6.5, 10], "rotation": 180, "texture": "#0"},
				"down": {"uv": [4.5, 11, 6.5, 11.5], "rotation": 180, "texture": "#0"}
			}
		},
		{
			"from": [0, 13, 7.25],
			"to": [4, 17, 7.75],
			"rotation": {"angle": 0, "axis": "y", "origin": [8, 9, 15]},
			"faces": {
				"north": {"uv": [6.5, 7.5, 8.5, 9.5], "texture": "#0"},
				"east": {"uv": [6.5, 7.5, 7, 9.5], "texture": "#0"},
				"south": {"uv": [8.5, 7.5, 6.5, 9.5], "texture": "#0"},
				"west": {"uv": [8, 7.5, 8.5, 9.5], "texture": "#0"},
				"up": {"uv": [6.5, 7.5, 8.5, 8], "rotation": 180, "texture": "#0"},
				"down": {"uv": [6.5, 9, 8.5, 9.5], "rotation": 180, "texture": "#0"}
			}
		},
		{
			"from": [-4, 17, 7.25],
			"to": [0, 21, 7.75],
			"rotation": {"angle": 0, "axis": "y", "origin": [8, 9, 15]},
			"faces": {
				"north": {"uv": [8.5, 5.5, 10.5, 7.5], "texture": "#0"},
				"east": {"uv": [8.5, 5.5, 9, 7.5], "texture": "#0"},
				"south": {"uv": [10.5, 5.5, 8.5, 7.5], "texture": "#0"},
				"west": {"uv": [10, 5.5, 10.5, 7.5], "texture": "#0"},
				"up": {"uv": [8.5, 5.5, 10.5, 6], "rotation": 180, "texture": "#0"},
				"down": {"uv": [8.5, 7, 10.5, 7.5], "rotation": 180, "texture": "#0"}
			}
		},
		{
			"from": [-6, 19, 7.25],
			"to": [-4, 23, 7.75],
			"rotation": {"angle": 0, "axis": "y", "origin": [8, 9, 15]},
			"faces": {
				"north": {"uv": [10.5, 4.5, 11.5, 6.5], "texture": "#0"},
				"east": {"uv": [0, 0, 1, 4], "texture": "#missing"},
				"south": {"uv": [11.5, 4.5, 10.5, 6.5], "texture": "#0"},
				"west": {"uv": [11, 4.5, 11.5, 6.5], "texture": "#0"},
				"up": {"uv": [10.5, 4.5, 11.5, 5], "rotation": 90, "texture": "#0"},
				"down": {"uv": [10.5, 6, 11.5, 6.5], "rotation": 180, "texture": "#0"}
			}
		},
		{
			"from": [-4, 21, 7.25],
			"to": [-2, 23, 7.75],
			"rotation": {"angle": 0, "axis": "y", "origin": [8, 9, 15]},
			"faces": {
				"north": {"uv": [9.5, 4.5, 10.5, 5.5], "texture": "#0"},
				"east": {"uv": [9.5, 4.5, 10, 5.5], "texture": "#0"},
				"south": {"uv": [9.5, 4.5, 10.5, 5.5], "texture": "#0"},
				"west": {"uv": [0, 0, 1, 2], "texture": "#missing"},
				"up": {"uv": [9.5, 4.5, 10.5, 5], "rotation": 90, "texture": "#0"},
				"down": {"uv": [0, 0, 1, 2], "rotation": 270, "texture": "#missing"}
			}
		},
		{
			"from": [0, 17, 7.25],
			"to": [2, 19, 7.75],
			"rotation": {"angle": 0, "axis": "y", "origin": [8, 9, 15]},
			"faces": {
				"north": {"uv": [7.5, 6.5, 8.5, 7.5], "texture": "#0"},
				"east": {"uv": [7.5, 6.5, 8, 7.5], "texture": "#0"},
				"south": {"uv": [8.5, 6.5, 7.5, 7.5], "texture": "#0"},
				"west": {"uv": [0, 0, 1, 2], "texture": "#missing"},
				"up": {"uv": [7.5, 6.5, 8.5, 7], "rotation": 180, "texture": "#0"},
				"down": {"uv": [0, 0, 1, 2], "rotation": 270, "texture": "#missing"}
			}
		},
		{
			"from": [-2, 15, 7.25],
			"to": [0, 17, 7.75],
			"rotation": {"angle": 0, "axis": "y", "origin": [8, 9, 15]},
			"faces": {
				"north": {"uv": [8.5, 7.5, 9.5, 8.5], "texture": "#0"},
				"east": {"uv": [0, 0, 1, 2], "texture": "#missing"},
				"south": {"uv": [9.5, 7.5, 8.5, 8.5], "texture": "#0"},
				"west": {"uv": [9, 7.5, 9.5, 8.5], "texture": "#0"},
				"up": {"uv": [0, 0, 1, 2], "rotation": 90, "texture": "#missing"},
				"down": {"uv": [8.5, 8, 9.5, 8.5], "rotation": 180, "texture": "#0"}
			}
		},
		{
			"from": [2, 11, 7.25],
			"to": [4, 13, 7.75],
			"rotation": {"angle": 0, "axis": "y", "origin": [8, 9, 15]},
			"faces": {
				"north": {"uv": [6.5, 9.5, 7.5, 10.5], "texture": "#0"},
				"east": {"uv": [0, 0, 1, 2], "texture": "#missing"},
				"south": {"uv": [7.5, 9.5, 6.5, 10.5], "texture": "#0"},
				"west": {"uv": [7, 9.5, 7.5, 10.5], "texture": "#0"},
				"up": {"uv": [0, 0, 1, 2], "rotation": 90, "texture": "#missing"},
				"down": {"uv": [6.5, 10, 7.5, 10.5], "rotation": 180, "texture": "#0"}
			}
		},
		{
			"from": [4, 13, 7.25],
			"to": [6, 15, 7.75],
			"rotation": {"angle": 0, "axis": "y", "origin": [8, 9, 15]},
			"faces": {
				"north": {"uv": [5.5, 8.5, 6.5, 9.5], "texture": "#0"},
				"east": {"uv": [5.5, 8.5, 6, 9.5], "texture": "#0"},
				"south": {"uv": [6.5, 8.5, 5.5, 9.5], "texture": "#0"},
				"west": {"uv": [0, 0, 1, 2], "texture": "#missing"},
				"up": {"uv": [5.5, 8.5, 6.5, 9], "rotation": 180, "texture": "#0"},
				"down": {"uv": [0, 0, 1, 2], "rotation": 270, "texture": "#missing"}
			}
		},
		{
			"from": [-2, 21, 7.25],
			"to": [-1, 22, 7.75],
			"rotation": {"angle": 0, "axis": "y", "origin": [8, 9, 15]},
			"faces": {
				"north": {"uv": [9, 5, 9.5, 5.5], "texture": "#0"},
				"east": {"uv": [9, 5, 9.5, 5.5], "texture": "#0"},
				"south": {"uv": [9, 5, 9.5, 5.5], "texture": "#0"},
				"west": {"uv": [9, 5, 9.5, 5.5], "texture": "#0"},
				"up": {"uv": [9, 5, 9.5, 5.5], "rotation": 90, "texture": "#0"},
				"down": {"uv": [9, 5, 9.5, 5.5], "rotation": 270, "texture": "#0"}
			}
		},
		{
			"from": [0, 19, 7.25],
			"to": [1, 20, 7.75],
			"rotation": {"angle": 0, "axis": "y", "origin": [8, 9, 15]},
			"faces": {
				"north": {"uv": [8, 6, 8.5, 6.5], "texture": "#0"},
				"east": {"uv": [8, 6, 8.5, 6.5], "texture": "#0"},
				"south": {"uv": [8, 6, 8.5, 6.5], "texture": "#0"},
				"west": {"uv": [8, 6, 8.5, 6.5], "texture": "#0"},
				"up": {"uv": [8, 6, 8.5, 6.5], "rotation": 90, "texture": "#0"},
				"down": {"uv": [8, 6, 8.5, 6.5], "rotation": 270, "texture": "#0"}
			}
		},
		{
			"from": [2, 17, 7.25],
			"to": [3, 18, 7.75],
			"rotation": {"angle": 0, "axis": "y", "origin": [8, 9, 15]},
			"faces": {
				"north": {"uv": [7, 7, 7.5, 7.5], "texture": "#0"},
				"east": {"uv": [7, 7, 7.5, 7.5], "texture": "#0"},
				"south": {"uv": [7, 7, 7.5, 7.5], "texture": "#0"},
				"west": {"uv": [7, 7, 7.5, 7.5], "texture": "#0"},
				"up": {"uv": [7, 7, 7.5, 7.5], "rotation": 90, "texture": "#0"},
				"down": {"uv": [7, 7, 7.5, 7.5], "rotation": 270, "texture": "#0"}
			}
		},
		{
			"from": [4, 15, 7.25],
			"to": [5, 16, 7.75],
			"rotation": {"angle": 0, "axis": "y", "origin": [8, 9, 15]},
			"faces": {
				"north": {"uv": [6, 8, 6.5, 8.5], "texture": "#0"},
				"east": {"uv": [6, 8, 6.5, 8.5], "texture": "#0"},
				"south": {"uv": [6, 8, 6.5, 8.5], "texture": "#0"},
				"west": {"uv": [6, 8, 6.5, 8.5], "texture": "#0"},
				"up": {"uv": [6, 8, 6.5, 8.5], "rotation": 90, "texture": "#0"},
				"down": {"uv": [6, 8, 6.5, 8.5], "rotation": 270, "texture": "#0"}
			}
		},
		{
			"from": [6, 13, 7.25],
			"to": [7, 14, 7.75],
			"rotation": {"angle": 0, "axis": "y", "origin": [8, 9, 15]},
			"faces": {
				"north": {"uv": [5, 9, 5.5, 9.5], "texture": "#0"},
				"east": {"uv": [5, 9, 5.5, 9.5], "texture": "#0"},
				"south": {"uv": [5, 9, 5.5, 9.5], "texture": "#0"},
				"west": {"uv": [5, 9, 5.5, 9.5], "texture": "#0"},
				"up": {"uv": [5, 9, 5.5, 9.5], "rotation": 90, "texture": "#0"},
				"down": {"uv": [5, 9, 5.5, 9.5], "rotation": 270, "texture": "#0"}
			}
		},
		{
			"from": [3, 10, 7.25],
			"to": [4, 11, 7.75],
			"rotation": {"angle": 0, "axis": "y", "origin": [8, 9, 15]},
			"faces": {
				"north": {"uv": [6.5, 10.5, 7, 11], "texture": "#0"},
				"east": {"uv": [6.5, 10.5, 7, 11], "texture": "#0"},
				"south": {"uv": [6.5, 10.5, 7, 11], "texture": "#0"},
				"west": {"uv": [6.5, 10.5, 7, 11], "texture": "#0"},
				"up": {"uv": [6.5, 10.5, 7, 11], "rotation": 90, "texture": "#0"},
				"down": {"uv": [6.5, 10.5, 7, 11], "rotation": 270, "texture": "#0"}
			}
		},
		{
			"from": [1, 12, 7.25],
			"to": [2, 13, 7.75],
			"rotation": {"angle": 0, "axis": "y", "origin": [8, 9, 15]},
			"faces": {
				"north": {"uv": [7.5, 9.5, 8, 10], "texture": "#0"},
				"east": {"uv": [7.5, 9.5, 8, 10], "texture": "#0"},
				"south": {"uv": [7.5, 9.5, 8, 10], "texture": "#0"},
				"west": {"uv": [7.5, 9.5, 8, 10], "texture": "#0"},
				"up": {"uv": [7.5, 9.5, 8, 10], "rotation": 90, "texture": "#0"},
				"down": {"uv": [7.5, 9.5, 8, 10], "rotation": 270, "texture": "#0"}
			}
		},
		{
			"from": [-1, 14, 7.25],
			"to": [0, 15, 7.75],
			"rotation": {"angle": 0, "axis": "y", "origin": [8, 9, 15]},
			"faces": {
				"north": {"uv": [8.5, 8.5, 9, 9], "texture": "#0"},
				"east": {"uv": [8.5, 8.5, 9, 9], "texture": "#0"},
				"south": {"uv": [8.5, 8.5, 9, 9], "texture": "#0"},
				"west": {"uv": [8.5, 8.5, 9, 9], "texture": "#0"},
				"up": {"uv": [8.5, 8.5, 9, 9], "rotation": 90, "texture": "#0"},
				"down": {"uv": [8.5, 8.5, 9, 9], "rotation": 270, "texture": "#0"}
			}
		},
		{
			"from": [-3, 16, 7.25],
			"to": [-2, 17, 7.75],
			"rotation": {"angle": 0, "axis": "y", "origin": [8, 9, 15]},
			"faces": {
				"north": {"uv": [9.5, 7.5, 10, 8], "texture": "#0"},
				"east": {"uv": [9.5, 7.5, 10, 8], "texture": "#0"},
				"south": {"uv": [9.5, 7.5, 10, 8], "texture": "#0"},
				"west": {"uv": [9.5, 7.5, 10, 8], "texture": "#0"},
				"up": {"uv": [9.5, 7.5, 10, 8], "rotation": 90, "texture": "#0"},
				"down": {"uv": [9.5, 7.5, 10, 8], "rotation": 270, "texture": "#0"}
			}
		},
		{
			"from": [-5, 18, 7.25],
			"to": [-4, 19, 7.75],
			"rotation": {"angle": 0, "axis": "y", "origin": [8, 9, 15]},
			"faces": {
				"north": {"uv": [10.5, 6.5, 11, 7], "texture": "#0"},
				"east": {"uv": [10.5, 6.5, 11, 7], "texture": "#0"},
				"south": {"uv": [10.5, 6.5, 11, 7], "texture": "#0"},
				"west": {"uv": [10.5, 6.5, 11, 7], "texture": "#0"},
				"up": {"uv": [10.5, 6.5, 11, 7], "rotation": 90, "texture": "#0"},
				"down": {"uv": [10.5, 6.5, 11, 7], "rotation": 270, "texture": "#0"}
			}
		},
		{
			"from": [8, 10, 7.25],
			"to": [9, 12, 7.75],
			"rotation": {"angle": 0, "axis": "y", "origin": [8, 9, 15]},
			"faces": {
				"north": {"uv": [4, 10, 4.5, 11], "texture": "#0"},
				"east": {"uv": [4, 10, 4.5, 11], "texture": "#0"},
				"south": {"uv": [4, 10, 4.5, 11], "texture": "#0"},
				"west": {"uv": [4, 10, 4.5, 10.5], "texture": "#0"},
				"up": {"uv": [4, 10, 4.5, 10.5], "rotation": 90, "texture": "#0"},
				"down": {"uv": [4, 10, 4.5, 10.5], "rotation": 270, "texture": "#0"}
			}
		},
		{
			"from": [9, 9, 7],
			"to": [11, 11, 8],
			"rotation": {"angle": 0, "axis": "y", "origin": [8, 9, 15]},
			"faces": {
				"north": {"uv": [3, 10.5, 4, 11.5], "texture": "#0"},
				"east": {"uv": [3, 10.5, 3.5, 11.5], "texture": "#0"},
				"south": {"uv": [4, 10.5, 3, 11.5], "texture": "#0"},
				"west": {"uv": [3.5, 10.5, 4, 11.5], "texture": "#0"},
				"up": {"uv": [3, 10.5, 4, 11], "rotation": 90, "texture": "#0"},
				"down": {"uv": [3, 11, 4, 11.5], "rotation": 180, "texture": "#0"}
			}
		},
		{
			"from": [11, 10, 7],
			"to": [12, 11, 8],
			"rotation": {"angle": 0, "axis": "y", "origin": [8, 9, 15]},
			"faces": {
				"north": {"uv": [2.5, 10.5, 3, 11], "texture": "#0"},
				"east": {"uv": [2.5, 10.5, 3, 11], "texture": "#0"},
				"south": {"uv": [2.5, 10.5, 3, 11], "texture": "#0"},
				"west": {"uv": [2.5, 10.5, 3, 11], "texture": "#0"},
				"up": {"uv": [2.5, 10.5, 3, 11], "rotation": 90, "texture": "#0"},
				"down": {"uv": [2.5, 10.5, 3, 11], "rotation": 270, "texture": "#0"}
			}
		},
		{
			"from": [6, 5, 7],
			"to": [7, 6, 8],
			"rotation": {"angle": 0, "axis": "y", "origin": [8, 9, 15]},
			"faces": {
				"north": {"uv": [5, 13, 5.5, 13.5], "texture": "#0"},
				"east": {"uv": [5, 13, 5.5, 13.5], "texture": "#0"},
				"south": {"uv": [5, 13, 5.5, 13.5], "texture": "#0"},
				"west": {"uv": [5, 13, 5.5, 13.5], "texture": "#0"},
				"up": {"uv": [5, 13, 5.5, 13.5], "rotation": 90, "texture": "#0"},
				"down": {"uv": [5, 13, 5.5, 13.5], "rotation": 270, "texture": "#0"}
			}
		},
		{
			"from": [8, 9, 7],
			"to": [9, 10, 8],
			"rotation": {"angle": 0, "axis": "y", "origin": [8, 9, 15]},
			"faces": {
				"north": {"uv": [4, 11, 4.5, 11.5], "texture": "#0"},
				"east": {"uv": [4, 11, 4.5, 11.5], "texture": "#0"},
				"south": {"uv": [4, 11, 4.5, 11.5], "texture": "#0"},
				"west": {"uv": [4, 11, 4.5, 11.5], "texture": "#0"},
				"up": {"uv": [4, 11, 4.5, 11.5], "rotation": 90, "texture": "#0"},
				"down": {"uv": [4, 11, 4.5, 11.5], "rotation": 270, "texture": "#0"}
			}
		},
		{
			"from": [8, 7, 7],
			"to": [9, 8, 8],
			"rotation": {"angle": 0, "axis": "y", "origin": [8, 9, 15]},
			"faces": {
				"north": {"uv": [4, 12, 4.5, 12.5], "texture": "#0"},
				"east": {"uv": [4, 12, 4.5, 12.5], "texture": "#0"},
				"south": {"uv": [4, 12, 4.5, 12.5], "texture": "#0"},
				"west": {"uv": [4, 12, 4.5, 12.5], "texture": "#0"},
				"up": {"uv": [4, 12, 4.5, 12.5], "rotation": 90, "texture": "#0"},
				"down": {"uv": [4, 12, 4.5, 12.5], "rotation": 270, "texture": "#0"}
			}
		},
		{
			"from": [9, 7, 7.25],
			"to": [10, 8, 7.75],
			"rotation": {"angle": 0, "axis": "y", "origin": [8, 9, 15]},
			"faces": {
				"north": {"uv": [3.5, 12, 4, 12.5], "texture": "#0"},
				"east": {"uv": [3.5, 12, 4, 12.5], "texture": "#0"},
				"south": {"uv": [3.5, 12, 4, 12.5], "texture": "#0"},
				"west": {"uv": [3.5, 12, 4, 12.5], "texture": "#0"},
				"up": {"uv": [3.5, 12, 4, 12.5], "rotation": 90, "texture": "#0"},
				"down": {"uv": [3.5, 12, 4, 12.5], "rotation": 270, "texture": "#0"}
			}
		},
		{
			"from": [6, 6, 7],
			"to": [8, 8, 8],
			"rotation": {"angle": 0, "axis": "y", "origin": [8, 9, 15]},
			"faces": {
				"north": {"uv": [4.5, 12, 5.5, 13], "texture": "#0"},
				"east": {"uv": [4.5, 12, 5, 13], "texture": "#0"},
				"south": {"uv": [5.5, 12, 4.5, 13], "texture": "#0"},
				"west": {"uv": [5, 12, 5.5, 13], "texture": "#0"},
				"up": {"uv": [4.5, 12, 5.5, 12.5], "rotation": 180, "texture": "#0"},
				"down": {"uv": [4.5, 12.5, 5.5, 13], "rotation": 180, "texture": "#0"}
			}
		}
	],
	"gui_light": "front",
	"display": {
		"thirdperson_righthand": {
			"rotation": [0, -90, -49],
			"translation": [-0.5, 2, 1],
			"scale": [0.85, 0.85, 0.85]
		},
		"thirdperson_lefthand": {
			"rotation": [0, 90, 49],
			"translation": [0.5, 2.25, 1],
			"scale": [0.85, 0.85, 0.85]
		},
		"firstperson_righthand": {
			"rotation": [0, -96, -16],
			"translation": [1, 2.75, 1.25],
			"scale": [0.68, 0.68, 0.68]
		},
		"firstperson_lefthand": {
			"rotation": [0, -96, 72],
			"translation": [2, 2.75, 1.25],
			"scale": [0.68, 0.68, 0.68]
		},
		"ground": {
			"translation": [0, 3, 0],
			"scale": [0.5, 0.5, 0.5]
		},
		"gui": {
			"rotation": [0, 0, -90],
			"translation": [-2.5, -1.75, 0],
			"scale": [0.7, 0.7, 0.7]
		},
		"fixed": {
			"translation": [1.75, -2.5, 0],
			"scale": [0.7, 0.7, 0.7]
		}
	}
}