{
	"credit": "Made with Blockbench",
	"textures": {
		"particle": "./wood_shield",
		"texture": "./wood_shield"
	},
	"elements": [
		{
			"from": [1, 9, 7],
			"to": [2, 15, 8],
			"faces": {
				"north": {"uv": [14, 1, 15, 7], "texture": "#texture"},
				"east": {"uv": [1, 1, 2, 7], "texture": "#texture"},
				"south": {"uv": [1, 1, 2, 7], "texture": "#texture"},
				"west": {"uv": [1, 1, 2, 7], "texture": "#texture"},
				"up": {"uv": [1, 1, 2, 2], "texture": "#texture"},
				"down": {"uv": [15, 7, 14, 6], "texture": "#texture"}
			}
		},
		{
			"from": [2, 5, 7],
			"to": [3, 9, 8],
			"faces": {
				"north": {"uv": [13, 7, 14, 11], "texture": "#texture"},
				"east": {"uv": [2, 7, 3, 11], "texture": "#texture"},
				"south": {"uv": [2, 7, 3, 11], "texture": "#texture"},
				"west": {"uv": [2, 7, 3, 11], "texture": "#texture"},
				"up": {"uv": [2, 7, 3, 8], "texture": "#texture"},
				"down": {"uv": [14, 8, 13, 7], "texture": "#texture"}
			}
		},
		{
			"from": [3, 3, 7],
			"to": [4, 5, 8],
			"faces": {
				"north": {"uv": [12, 11, 13, 13], "texture": "#texture"},
				"east": {"uv": [3, 11, 4, 13], "texture": "#texture"},
				"south": {"uv": [3, 11, 4, 13], "texture": "#texture"},
				"west": {"uv": [3, 11, 4, 13], "texture": "#texture"},
				"down": {"uv": [2, 7, 3, 8], "texture": "#texture"}
			}
		},
		{
			"from": [4, 2, 7],
			"to": [6, 3, 8],
			"faces": {
				"north": {"uv": [10, 13, 12, 14], "texture": "#texture"},
				"south": {"uv": [4, 13, 6, 14], "texture": "#texture"},
				"west": {"uv": [4, 13, 5, 14], "texture": "#texture"},
				"up": {"uv": [4, 13, 6, 14], "texture": "#texture"},
				"down": {"uv": [4, 13, 6, 14], "texture": "#texture"}
			}
		},
		{
			"from": [6, 1, 7],
			"to": [7, 2, 8],
			"faces": {
				"north": {"uv": [9, 14, 10, 15], "texture": "#texture"},
				"east": {"uv": [6, 14, 7, 15], "texture": "#texture"},
				"south": {"uv": [6, 14, 7, 15], "texture": "#texture"},
				"west": {"uv": [6, 14, 7, 15], "texture": "#texture"},
				"down": {"uv": [2, 7, 3, 8], "texture": "#texture"}
			}
		},
		{
			"from": [7, 0, 7],
			"to": [9, 1, 8],
			"faces": {
				"north": {"uv": [7, 15, 9, 16], "texture": "#texture"},
				"east": {"uv": [8, 15, 9, 16], "texture": "#texture"},
				"south": {"uv": [7, 15, 9, 16], "texture": "#texture"},
				"west": {"uv": [7, 15, 8, 16], "texture": "#texture"},
				"up": {"uv": [7, 15, 9, 16], "texture": "#texture"},
				"down": {"uv": [7, 15, 9, 16], "texture": "#texture", "cullface": "down"}
			}
		},
		{
			"from": [9, 1, 7],
			"to": [10, 2, 8],
			"faces": {
				"north": {"uv": [6, 14, 7, 15], "texture": "#texture"},
				"east": {"uv": [6, 14, 7, 15], "texture": "#texture"},
				"south": {"uv": [9, 14, 10, 15], "texture": "#texture"},
				"west": {"uv": [6, 14, 7, 15], "texture": "#texture"},
				"up": {"uv": [9, 14, 10, 15], "texture": "#texture"},
				"down": {"uv": [9, 14, 10, 15], "texture": "#texture"}
			}
		},
		{
			"from": [10, 2, 7],
			"to": [12, 3, 8],
			"faces": {
				"north": {"uv": [4, 13, 6, 14], "texture": "#texture"},
				"east": {"uv": [5, 13, 6, 14], "texture": "#texture"},
				"south": {"uv": [10, 13, 12, 14], "texture": "#texture"},
				"west": {"uv": [5, 13, 6, 14], "texture": "#texture"},
				"up": {"uv": [10, 13, 12, 14], "texture": "#texture"},
				"down": {"uv": [10, 13, 12, 14], "texture": "#texture"}
			}
		},
		{
			"from": [12, 3, 7],
			"to": [13, 5, 8],
			"faces": {
				"north": {"uv": [3, 11, 4, 13], "texture": "#texture"},
				"east": {"uv": [3, 11, 4, 13], "texture": "#texture"},
				"south": {"uv": [12, 11, 13, 13], "texture": "#texture"},
				"west": {"uv": [3, 11, 4, 13], "texture": "#texture"},
				"down": {"uv": [13, 7, 14, 8], "texture": "#texture"}
			}
		},
		{
			"from": [13, 5, 7],
			"to": [14, 9, 8],
			"faces": {
				"north": {"uv": [2, 7, 3, 11], "texture": "#texture"},
				"east": {"uv": [2, 7, 3, 11], "texture": "#texture"},
				"south": {"uv": [13, 7, 14, 11], "texture": "#texture"},
				"west": {"uv": [2, 7, 3, 11], "texture": "#texture"},
				"up": {"uv": [13, 7, 14, 8], "texture": "#texture"},
				"down": {"uv": [3, 8, 2, 7], "texture": "#texture"}
			}
		},
		{
			"from": [14, 9, 7],
			"to": [15, 15, 8],
			"faces": {
				"north": {"uv": [1, 1, 2, 7], "texture": "#texture"},
				"east": {"uv": [1, 1, 2, 7], "texture": "#texture"},
				"south": {"uv": [14, 1, 15, 7], "texture": "#texture"},
				"west": {"uv": [1, 1, 2, 7], "texture": "#texture"},
				"up": {"uv": [14, 6, 15, 7], "texture": "#texture"},
				"down": {"uv": [14, 6, 15, 7], "texture": "#texture"}
			}
		},
		{
			"from": [2, 14, 7],
			"to": [5, 15, 8],
			"faces": {
				"north": {"uv": [11, 1, 14, 2], "texture": "#texture"},
				"south": {"uv": [2, 1, 5, 2], "texture": "#texture"},
				"up": {"uv": [14, 2, 11, 1], "texture": "#texture"},
				"down": {"uv": [14, 2, 11, 1], "texture": "#texture"}
			}
		},
		{
			"from": [11, 14, 7],
			"to": [14, 15, 8],
			"faces": {
				"north": {"uv": [2, 1, 5, 2], "texture": "#texture"},
				"south": {"uv": [11, 1, 14, 2], "texture": "#texture"},
				"up": {"uv": [11, 1, 14, 2], "texture": "#texture"},
				"down": {"uv": [11, 1, 14, 2], "texture": "#texture"}
			}
		},
		{
			"from": [5, 15, 7],
			"to": [11, 16, 8],
			"faces": {
				"north": {"uv": [5, 0, 11, 1], "texture": "#texture"},
				"east": {"uv": [8, 0, 9, 1], "texture": "#texture"},
				"south": {"uv": [5, 0, 11, 1], "texture": "#texture"},
				"west": {"uv": [7, 0, 8, 1], "texture": "#texture"},
				"up": {"uv": [11, 1, 5, 0], "texture": "#texture", "cullface": "up"},
				"down": {"uv": [11, 1, 5, 0], "texture": "#texture"}
			}
		},
		{
			"from": [7, 2, 6],
			"to": [9, 14, 7],
			"faces": {
				"north": {"uv": [7, 3, 9, 13], "texture": "#texture"},
				"east": {"uv": [9, 3, 10, 13], "texture": "#texture"},
				"south": {"uv": [7, 3, 9, 13], "texture": "#texture"},
				"west": {"uv": [6, 3, 7, 13], "texture": "#texture"},
				"up": {"uv": [7, 6, 9, 7], "texture": "#texture"},
				"down": {"uv": [9, 7, 7, 6], "texture": "#texture"}
			}
		},
		{
			"from": [6, 3, 6.5],
			"to": [7, 14, 7.5],
			"faces": {
				"north": {"uv": [9, 3, 10, 12], "texture": "#texture"},
				"east": {"uv": [9, 3, 10, 12], "texture": "#texture"},
				"south": {"uv": [6, 3, 7, 12], "texture": "#texture"},
				"west": {"uv": [6, 3, 7, 12], "texture": "#texture"},
				"up": {"uv": [6, 6, 7, 7], "texture": "#texture"},
				"down": {"uv": [10, 7, 9, 6], "texture": "#texture"}
			}
		},
		{
			"from": [9, 3, 6.5],
			"to": [10, 14, 7.5],
			"faces": {
				"north": {"uv": [6, 3, 7, 12], "texture": "#texture"},
				"east": {"uv": [9, 3, 10, 12], "texture": "#texture"},
				"south": {"uv": [9, 3, 10, 12], "texture": "#texture"},
				"west": {"uv": [6, 3, 7, 12], "texture": "#texture"},
				"up": {"uv": [9, 6, 10, 7], "texture": "#texture"}
			}
		},
		{
			"from": [4, 5, 6],
			"to": [6, 13, 7],
			"faces": {
				"north": {"uv": [10, 3, 12, 11], "texture": "#texture"},
				"east": {"uv": [9, 3, 10, 11], "texture": "#texture"},
				"south": {"uv": [4, 3, 6, 11], "texture": "#texture"},
				"west": {"uv": [6, 3, 7, 11], "texture": "#texture"},
				"up": {"uv": [4, 6, 6, 7], "texture": "#texture"},
				"down": {"uv": [12, 7, 10, 6], "texture": "#texture"}
			}
		},
		{
			"from": [10, 5, 6],
			"to": [12, 13, 7],
			"faces": {
				"north": {"uv": [4, 3, 6, 11], "texture": "#texture"},
				"east": {"uv": [9, 3, 10, 11], "texture": "#texture"},
				"south": {"uv": [10, 3, 12, 11], "texture": "#texture"},
				"west": {"uv": [6, 3, 7, 11], "texture": "#texture"},
				"up": {"uv": [10, 6, 12, 7], "texture": "#texture"},
				"down": {"uv": [6, 7, 4, 6], "texture": "#texture"}
			}
		},
		{
			"from": [3, 7, 6.5],
			"to": [4, 13, 7.5],
			"faces": {
				"north": {"uv": [12, 3, 13, 9], "texture": "#texture"},
				"east": {"uv": [8.5, 3, 9.5, 9], "texture": "#texture"},
				"south": {"uv": [3, 3, 4, 9], "texture": "#texture"},
				"west": {"uv": [6.5, 3, 7.5, 9], "texture": "#texture"},
				"up": {"uv": [3, 6.5, 4, 7.5], "texture": "#texture"},
				"down": {"uv": [13, 7.5, 12, 6.5], "texture": "#texture"}
			}
		},
		{
			"from": [12, 7, 6.5],
			"to": [13, 13, 7.5],
			"faces": {
				"north": {"uv": [3, 3, 4, 9], "texture": "#texture"},
				"east": {"uv": [8.5, 3, 9.5, 9], "texture": "#texture"},
				"south": {"uv": [12, 3, 13, 9], "texture": "#texture"},
				"west": {"uv": [6.5, 3, 7.5, 9], "texture": "#texture"},
				"up": {"uv": [12, 6.5, 13, 7.5], "texture": "#texture"},
				"down": {"uv": [4, 7.5, 3, 6.5], "texture": "#texture"}
			}
		},
		{
			"from": [5, 4, 6],
			"to": [6, 5, 7],
			"faces": {
				"north": {"uv": [10, 11, 11, 12], "texture": "#texture"},
				"east": {"uv": [9, 11, 10, 12], "texture": "#texture"},
				"south": {"uv": [5, 11, 6, 12], "texture": "#texture"},
				"west": {"uv": [6, 11, 7, 12], "texture": "#texture"},
				"down": {"uv": [11, 7, 10, 6], "texture": "#texture"}
			}
		},
		{
			"from": [10, 4, 6],
			"to": [11, 5, 7],
			"faces": {
				"north": {"uv": [5, 11, 6, 12], "texture": "#texture"},
				"east": {"uv": [9, 11, 10, 12], "texture": "#texture"},
				"south": {"uv": [10, 11, 11, 12], "texture": "#texture"},
				"west": {"uv": [6, 11, 7, 12], "texture": "#texture"},
				"down": {"uv": [6, 7, 5, 6], "texture": "#texture"}
			}
		},
		{
			"from": [7.5, 10, 8],
			"to": [8.5, 11, 12],
			"faces": {
				"east": {"uv": [5, 1, 10, 2], "texture": "#texture"},
				"south": {"uv": [7, 1, 8, 2], "texture": "#texture"},
				"west": {"uv": [5, 1, 10, 2], "texture": "#texture"},
				"up": {"uv": [13, 2, 14, 7], "texture": "#texture"},
				"down": {"uv": [13, 2, 14, 7], "texture": "#texture"}
			}
		},
		{
			"from": [7.5, 6, 11],
			"to": [8.5, 10, 12],
			"rotation": {"angle": 0, "axis": "y", "origin": [8, 8, 7]},
			"faces": {
				"north": {"uv": [11, 7, 12, 11], "texture": "#texture"},
				"east": {"uv": [5, 3, 9, 4], "rotation": 90, "texture": "#texture"},
				"south": {"uv": [11, 7, 12, 11], "texture": "#texture"},
				"west": {"uv": [5, 3, 9, 4], "rotation": 90, "texture": "#texture"}
			}
		},
		{
			"from": [7.5, 5, 8],
			"to": [8.5, 6, 12],
			"faces": {
				"east": {"uv": [5, 1, 10, 2], "texture": "#texture"},
				"south": {"uv": [8, 1, 9, 2], "texture": "#texture"},
				"west": {"uv": [5, 1, 10, 2], "texture": "#texture"},
				"up": {"uv": [3, 6, 4, 11], "texture": "#texture"},
				"down": {"uv": [3, 6, 4, 11], "texture": "#texture"}
			}
		},
		{
			"from": [2, 9, 6.5],
			"to": [3, 14, 7.5],
			"faces": {
				"north": {"uv": [13, 2, 14, 7], "texture": "#texture"},
				"east": {"uv": [8.5, 2, 9.5, 7], "texture": "#texture"},
				"south": {"uv": [2, 2, 3, 7], "texture": "#texture"},
				"west": {"uv": [6.5, 2, 7.5, 7], "texture": "#texture"},
				"up": {"uv": [2, 6.5, 3, 7.5], "texture": "#texture"},
				"down": {"uv": [14, 7.5, 13, 6.5], "texture": "#texture"}
			}
		},
		{
			"from": [13, 9, 6.5],
			"to": [14, 14, 7.5],
			"faces": {
				"north": {"uv": [2, 2, 3, 7], "texture": "#texture"},
				"east": {"uv": [8.5, 2, 9.5, 7], "texture": "#texture"},
				"south": {"uv": [13, 2, 14, 7], "texture": "#texture"},
				"west": {"uv": [6.5, 2, 7.5, 7], "texture": "#texture"},
				"up": {"uv": [13, 6.5, 14, 7.5], "texture": "#texture"},
				"down": {"uv": [3, 7.5, 2, 6.5], "texture": "#texture"}
			}
		},
		{
			"from": [12, 5, 7],
			"to": [13, 7, 8],
			"faces": {
				"north": {"uv": [3, 9, 4, 11], "texture": "#texture"},
				"south": {"uv": [12, 9, 13, 11], "texture": "#texture"},
				"west": {"uv": [7, 9, 8, 11], "texture": "#texture"},
				"up": {"uv": [12, 7, 13, 8], "texture": "#texture"}
			}
		},
		{
			"from": [3, 5, 7],
			"to": [4, 7, 8],
			"faces": {
				"north": {"uv": [12, 9, 13, 11], "texture": "#texture"},
				"east": {"uv": [8, 9, 9, 11], "texture": "#texture"},
				"south": {"uv": [3, 9, 4, 11], "texture": "#texture"},
				"up": {"uv": [3, 7, 4, 8], "texture": "#texture"}
			}
		},
		{
			"from": [4, 4, 6.5],
			"to": [5, 5, 7.5],
			"faces": {
				"north": {"uv": [11, 11, 12, 12], "texture": "#texture"},
				"east": {"uv": [8.5, 11, 9.5, 12], "texture": "#texture"},
				"south": {"uv": [4, 11, 5, 12], "texture": "#texture"},
				"west": {"uv": [6.5, 11, 7.5, 12], "texture": "#texture"},
				"up": {"uv": [4, 6.5, 5, 7.5], "texture": "#texture"},
				"down": {"uv": [12, 7.5, 11, 6.5], "texture": "#texture"}
			}
		},
		{
			"from": [5, 3, 6.5],
			"to": [6, 4, 7.5],
			"faces": {
				"north": {"uv": [10, 12, 11, 13], "texture": "#texture"},
				"south": {"uv": [5, 12, 6, 13], "texture": "#texture"},
				"west": {"uv": [6.5, 12, 7.5, 13], "texture": "#texture"},
				"up": {"uv": [5, 6.5, 6, 7.5], "texture": "#texture"},
				"down": {"uv": [11, 7.5, 10, 6.5], "texture": "#texture"}
			}
		},
		{
			"from": [4, 3, 7],
			"to": [5, 4, 8],
			"faces": {
				"north": {"uv": [11, 12, 12, 13], "texture": "#texture"},
				"east": {"uv": [8, 12, 9, 13], "texture": "#texture"},
				"south": {"uv": [4, 12, 5, 13], "texture": "#texture"},
				"up": {"uv": [4, 7, 5, 8], "texture": "#texture"}
			}
		},
		{
			"from": [11, 4, 6.5],
			"to": [12, 5, 7.5],
			"faces": {
				"north": {"uv": [4, 11, 5, 12], "texture": "#texture"},
				"east": {"uv": [8.5, 11, 9.5, 12], "texture": "#texture"},
				"south": {"uv": [11, 11, 12, 12], "texture": "#texture"},
				"west": {"uv": [6.5, 11, 7.5, 12], "texture": "#texture"},
				"up": {"uv": [11, 6.5, 12, 7.5], "texture": "#texture"},
				"down": {"uv": [5, 7.5, 4, 6.5], "texture": "#texture"}
			}
		},
		{
			"from": [10, 3, 6.5],
			"to": [11, 4, 7.5],
			"faces": {
				"north": {"uv": [5, 12, 6, 13], "texture": "#texture"},
				"east": {"uv": [8.5, 12, 9.5, 13], "texture": "#texture"},
				"south": {"uv": [10, 12, 11, 13], "texture": "#texture"},
				"up": {"uv": [10, 6.5, 11, 7.5], "texture": "#texture"},
				"down": {"uv": [6, 7.5, 5, 6.5], "texture": "#texture"}
			}
		},
		{
			"from": [11, 3, 7],
			"to": [12, 4, 8],
			"faces": {
				"north": {"uv": [4, 12, 5, 13], "texture": "#texture"},
				"south": {"uv": [11, 12, 12, 13], "texture": "#texture"},
				"west": {"uv": [7, 12, 8, 13], "texture": "#texture"},
				"up": {"uv": [11, 7, 12, 8], "texture": "#texture"}
			}
		},
		{
			"from": [7, 1, 6.5],
			"to": [9, 2, 7.5],
			"faces": {
				"north": {"uv": [7, 14, 9, 15], "texture": "#texture"},
				"east": {"uv": [8.5, 14, 9.5, 15], "texture": "#texture"},
				"south": {"uv": [7, 14, 9, 15], "texture": "#texture"},
				"west": {"uv": [6.5, 14, 7.5, 15], "texture": "#texture"},
				"up": {"uv": [7, 6.5, 9, 7.5], "texture": "#texture"},
				"down": {"uv": [9, 7.5, 7, 6.5], "texture": "#texture"}
			}
		},
		{
			"from": [6, 2, 7],
			"to": [7, 3, 8],
			"faces": {
				"north": {"uv": [9, 13, 10, 14], "texture": "#texture"},
				"east": {"uv": [8, 13, 9, 14], "texture": "#texture"},
				"south": {"uv": [6, 13, 7, 14], "texture": "#texture"},
				"up": {"uv": [6, 7, 7, 8], "texture": "#texture"}
			}
		},
		{
			"from": [9, 2, 6.5],
			"to": [10, 3, 7.5],
			"faces": {
				"north": {"uv": [6, 13, 7, 14], "texture": "#texture"},
				"east": {"uv": [8.5, 13, 9.5, 14], "texture": "#texture"},
				"south": {"uv": [9, 13, 10, 14], "texture": "#texture"},
				"west": {"uv": [6.5, 13, 7.5, 14], "texture": "#texture"},
				"down": {"uv": [7, 7.5, 6, 6.5], "texture": "#texture"}
			}
		},
		{
			"from": [7, 14, 6.5],
			"to": [9, 15, 7.5],
			"faces": {
				"north": {"uv": [7, 1, 9, 2], "texture": "#texture"},
				"east": {"uv": [8.5, 1, 9.5, 2], "texture": "#texture"},
				"south": {"uv": [7, 1, 9, 2], "texture": "#texture"},
				"west": {"uv": [6.5, 1, 7.5, 2], "texture": "#texture"},
				"up": {"uv": [7, 6.5, 9, 7.5], "texture": "#texture"},
				"down": {"uv": [9, 7.5, 7, 6.5], "texture": "#texture"}
			}
		},
		{
			"from": [6, 14, 7],
			"to": [7, 15, 8],
			"faces": {
				"north": {"uv": [9, 1, 10, 2], "texture": "#texture"},
				"east": {"uv": [8, 1, 9, 2], "texture": "#texture"},
				"south": {"uv": [6, 1, 7, 2], "texture": "#texture"},
				"down": {"uv": [10, 8, 9, 7], "texture": "#texture"}
			}
		},
		{
			"from": [9, 14, 7],
			"to": [10, 15, 8],
			"faces": {
				"north": {"uv": [6, 1, 7, 2], "texture": "#texture"},
				"south": {"uv": [9, 1, 10, 2], "texture": "#texture"},
				"west": {"uv": [7, 1, 8, 2], "texture": "#texture"},
				"down": {"uv": [7, 8, 6, 7], "texture": "#texture"}
			}
		},
		{
			"from": [4, 13, 6.5],
			"to": [6, 14, 7.5],
			"faces": {
				"north": {"uv": [10, 2, 12, 3], "texture": "#texture"},
				"south": {"uv": [4, 2, 6, 3], "texture": "#texture"},
				"west": {"uv": [6.5, 2, 7.5, 3], "texture": "#texture"},
				"up": {"uv": [4, 6.5, 6, 7.5], "texture": "#texture"},
				"down": {"uv": [12, 7.5, 10, 6.5], "texture": "#texture"}
			}
		},
		{
			"from": [10, 13, 6.5],
			"to": [12, 14, 7.5],
			"faces": {
				"north": {"uv": [4, 2, 6, 3], "texture": "#texture"},
				"east": {"uv": [8.5, 2, 9.5, 3], "texture": "#texture"},
				"south": {"uv": [10, 2, 12, 3], "texture": "#texture"},
				"up": {"uv": [10, 6.5, 12, 7.5], "texture": "#texture"},
				"down": {"uv": [6, 7.5, 4, 6.5], "texture": "#texture"}
			}
		},
		{
			"from": [3, 13, 7],
			"to": [4, 14, 8],
			"faces": {
				"north": {"uv": [12, 2, 13, 3], "texture": "#texture"},
				"east": {"uv": [8, 2, 9, 3], "texture": "#texture"},
				"south": {"uv": [3, 2, 4, 3], "texture": "#texture"},
				"west": {"uv": [7, 2, 8, 3], "texture": "#texture"},
				"down": {"uv": [13, 8, 12, 7], "texture": "#texture"}
			}
		},
		{
			"from": [5, 14, 7],
			"to": [6, 15, 8],
			"faces": {
				"north": {"uv": [10, 1, 11, 2], "texture": "#texture"},
				"south": {"uv": [5, 1, 6, 2], "texture": "#texture"},
				"down": {"uv": [11, 8, 10, 7], "texture": "#texture"}
			}
		},
		{
			"from": [10, 14, 7],
			"to": [11, 15, 8],
			"faces": {
				"north": {"uv": [5, 1, 6, 2], "texture": "#texture"},
				"south": {"uv": [10, 1, 11, 2], "texture": "#texture"},
				"down": {"uv": [6, 8, 5, 7], "texture": "#texture"}
			}
		},
		{
			"from": [12, 13, 7],
			"to": [13, 14, 8],
			"faces": {
				"north": {"uv": [3, 2, 4, 3], "texture": "#texture"},
				"east": {"uv": [8, 2, 9, 3], "texture": "#texture"},
				"south": {"uv": [12, 2, 13, 3], "texture": "#texture"},
				"west": {"uv": [7, 2, 8, 3], "texture": "#texture"},
				"down": {"uv": [4, 8, 3, 7], "texture": "#texture"}
			}
		},
		{
			"from": [6.5, 10, 7],
			"to": [9.5, 11, 8],
			"faces": {
				"north": {"uv": [6, 0, 9, 1], "texture": "#texture"},
				"east": {"uv": [1, 1, 2, 2], "texture": "#texture"},
				"south": {"uv": [6, 0, 9, 1], "texture": "#texture"},
				"west": {"uv": [1, 1, 2, 2], "texture": "#texture"},
				"up": {"uv": [8, 0, 11, 1], "texture": "#texture"},
				"down": {"uv": [8, 0, 11, 1], "texture": "#texture"}
			}
		},
		{
			"from": [6.5, 5, 7],
			"to": [9.5, 6, 8],
			"faces": {
				"north": {"uv": [8, 0, 11, 1], "texture": "#texture"},
				"east": {"uv": [3, 12, 4, 13], "texture": "#texture"},
				"south": {"uv": [8, 0, 11, 1], "texture": "#texture"},
				"west": {"uv": [3, 12, 4, 13], "texture": "#texture"},
				"up": {"uv": [8, 1, 5, 0], "texture": "#texture"},
				"down": {"uv": [8, 1, 5, 0], "texture": "#texture"}
			}
		}
	],
	"gui_light": "front",
	"display": {
		"thirdperson_righthand": {
			"rotation": [0, -90, 0],
			"translation": [2, -2, 5],
			"scale": [1.25, 1.25, 1.25]
		},
		"thirdperson_lefthand": {
			"rotation": [0, -90, 0],
			"translation": [2, -2, 5],
			"scale": [1.25, 1.25, 1.25]
		},
		"firstperson_righthand": {
			"rotation": [0, -70, 14],
			"translation": [4, -3, 0],
			"scale": [1.25, 1.25, 1.25]
		},
		"firstperson_lefthand": {
			"rotation": [0, -70, 14],
			"translation": [4, -3, 0],
			"scale": [1.25, 1.25, 1.25]
		},
		"ground": {
			"translation": [0, 3, 0]
		},
		"gui": {
			"rotation": [0, 180, 0]
		},
		"head": {
			"translation": [0, 0, -7.56]
		},
		"fixed": {
			"translation": [0, 0, -0.38],
			"scale": [4, 4, 4]
		}
	}
}
