{
	"credit": "Made with Blockbench",
	"textures": {
		"particle": "./sword"
	},
	"elements": [
		{
			"from": [14, 0, 7],
			"to": [16, 3, 8],
			"rotation": {"angle": 0, "axis": "y", "origin": [23, 8, 15]},
			"faces": {
				"north": {"uv": [0, 13, 2, 16], "texture": "#particle"},
				"east": {"uv": [0, 13, 1, 16], "texture": "#particle"},
				"south": {"uv": [2, 13, 0, 16], "texture": "#particle"},
				"west": {"uv": [1, 13, 2, 16], "texture": "#particle"},
				"up": {"uv": [2, 13, 0, 14], "texture": "#particle"},
				"down": {"uv": [2, 15, 0, 16], "texture": "#particle"}
			}
		},
		{
			"from": [13, 0, 7],
			"to": [14, 2, 8],
			"rotation": {"angle": 0, "axis": "y", "origin": [21, 8, 15]},
			"faces": {
				"north": {"uv": [2, 14, 3, 16], "texture": "#particle"},
				"east": {"uv": [2, 14, 3, 16], "texture": "#particle"},
				"south": {"uv": [2, 14, 3, 16], "texture": "#particle"},
				"west": {"uv": [2, 14, 3, 16], "texture": "#particle"},
				"up": {"uv": [2, 14, 3, 16], "texture": "#particle"},
				"down": {"uv": [2, 14, 3, 16], "texture": "#particle"}
			}
		},
		{
			"from": [12, 2, 7.25],
			"to": [14, 4, 7.75],
			"rotation": {"angle": 0, "axis": "y", "origin": [21, 10, 15]},
			"faces": {
				"north": {"uv": [2, 12, 4, 14], "texture": "#particle"},
				"east": {"uv": [2, 12, 3, 14], "texture": "#particle"},
				"south": {"uv": [4, 12, 2, 14], "texture": "#particle"},
				"west": {"uv": [3, 12, 4, 14], "texture": "#particle"},
				"up": {"uv": [4, 12, 2, 13], "texture": "#particle"},
				"down": {"uv": [3, 13, 4, 14], "texture": "#particle"}
			}
		},
		{
			"from": [12, 4, 7.25],
			"to": [13, 5, 7.75],
			"rotation": {"angle": 0, "axis": "y", "origin": [21, 12, 15]},
			"faces": {
				"north": {"uv": [3, 11, 4, 12], "texture": "#particle"},
				"east": {"uv": [3, 11, 4, 12], "texture": "#particle"},
				"south": {"uv": [3, 11, 4, 12], "texture": "#particle"},
				"west": {"uv": [3, 11, 4, 12], "texture": "#particle"},
				"up": {"uv": [3, 11, 4, 12], "texture": "#particle"},
				"down": {"uv": [3, 11, 4, 12], "texture": "#particle"}
			}
		},
		{
			"from": [12, 7, 7],
			"to": [13, 9, 8],
			"rotation": {"angle": 0, "axis": "y", "origin": [21, 16, 15]},
			"faces": {
				"north": {"uv": [3, 7, 4, 9], "texture": "#particle"},
				"east": {"uv": [3, 7, 4, 9], "texture": "#particle"},
				"south": {"uv": [3, 7, 4, 9], "texture": "#particle"},
				"west": {"uv": [3, 7, 4, 9], "texture": "#particle"},
				"up": {"uv": [3, 7, 4, 8], "texture": "#particle"},
				"down": {"uv": [3, 8, 4, 9], "texture": "#particle"}
			}
		},
		{
			"from": [11, 5, 7],
			"to": [12, 8, 8],
			"rotation": {"angle": 0, "axis": "y", "origin": [20, 15, 15]},
			"faces": {
				"north": {"uv": [4, 8, 5, 11], "texture": "#particle"},
				"east": {"uv": [4, 8, 5, 11], "texture": "#particle"},
				"south": {"uv": [4, 8, 5, 11], "texture": "#particle"},
				"west": {"uv": [4, 8, 5, 11], "texture": "#particle"},
				"up": {"uv": [4, 8, 5, 9], "texture": "#particle"},
				"down": {"uv": [4, 10, 5, 11], "texture": "#particle"}
			}
		},
		{
			"from": [10, 4, 7],
			"to": [11, 7, 8],
			"rotation": {"angle": 0, "axis": "y", "origin": [19, 15, 15]},
			"faces": {
				"north": {"uv": [5, 9, 6, 12], "texture": "#particle"},
				"east": {"uv": [5, 9, 6, 12], "texture": "#particle"},
				"south": {"uv": [5, 9, 6, 12], "texture": "#particle"},
				"west": {"uv": [5, 9, 6, 11], "texture": "#particle"},
				"up": {"uv": [5, 9, 6, 10], "texture": "#particle"},
				"down": {"uv": [5, 11, 6, 12], "texture": "#particle"}
			}
		},
		{
			"from": [7, 3, 7],
			"to": [9, 4, 8],
			"rotation": {"angle": 0, "axis": "y", "origin": [17, 11, 15]},
			"faces": {
				"north": {"uv": [7, 12, 9, 13], "texture": "#particle"},
				"east": {"uv": [7, 12, 8, 13], "texture": "#particle"},
				"south": {"uv": [7, 12, 9, 13], "texture": "#particle"},
				"west": {"uv": [8, 12, 9, 13], "texture": "#particle"},
				"up": {"uv": [9, 12, 7, 13], "texture": "#particle"},
				"down": {"uv": [9, 12, 7, 13], "texture": "#particle"}
			}
		},
		{
			"from": [8, 4, 7],
			"to": [10, 5, 8],
			"rotation": {"angle": 0, "axis": "y", "origin": [18, 12, 15]},
			"faces": {
				"north": {"uv": [6, 11, 8, 12], "texture": "#particle"},
				"east": {"uv": [0, 0, 1, 1], "texture": "#missing"},
				"south": {"uv": [6, 11, 8, 12], "texture": "#particle"},
				"west": {"uv": [7, 11, 8, 12], "texture": "#particle"},
				"up": {"uv": [6, 11, 8, 12], "texture": "#particle"},
				"down": {"uv": [6, 11, 8, 12], "texture": "#particle"}
			}
		},
		{
			"from": [9, 5, 7],
			"to": [10, 6, 8],
			"rotation": {"angle": 0, "axis": "y", "origin": [18, 13, 15]},
			"faces": {
				"north": {"uv": [6, 10, 7, 11], "texture": "#particle"},
				"east": {"uv": [6, 10, 7, 11], "texture": "#particle"},
				"south": {"uv": [6, 10, 7, 11], "texture": "#particle"},
				"west": {"uv": [6, 10, 7, 11], "texture": "#particle"},
				"up": {"uv": [6, 10, 7, 11], "texture": "#particle"},
				"down": {"uv": [6, 10, 7, 11], "texture": "#particle"}
			}
		},
		{
			"from": [8, 5, 7.25],
			"to": [9, 6, 7.75],
			"rotation": {"angle": 0, "axis": "y", "origin": [17, 13, 15]},
			"faces": {
				"north": {"uv": [7, 10, 8, 11], "texture": "#particle"},
				"east": {"uv": [7, 10, 8, 11], "texture": "#particle"},
				"south": {"uv": [7, 10, 8, 11], "texture": "#particle"},
				"west": {"uv": [7, 10, 8, 11], "texture": "#particle"},
				"up": {"uv": [7, 10, 8, 11], "texture": "#particle"},
				"down": {"uv": [7, 10, 8, 11], "texture": "#particle"}
			}
		},
		{
			"from": [10, 7, 7.25],
			"to": [11, 8, 7.75],
			"rotation": {"angle": 0, "axis": "y", "origin": [19, 15, 15]},
			"faces": {
				"north": {"uv": [5, 8, 6, 9], "texture": "#particle"},
				"east": {"uv": [5, 8, 6, 9], "texture": "#particle"},
				"south": {"uv": [5, 8, 6, 9], "texture": "#particle"},
				"west": {"uv": [5, 8, 6, 9], "texture": "#particle"},
				"up": {"uv": [5, 8, 6, 9], "texture": "#particle"},
				"down": {"uv": [5, 8, 6, 9], "texture": "#particle"}
			}
		},
		{
			"from": [11, 3, 7.25],
			"to": [12, 5, 7.75],
			"rotation": {"angle": 0, "axis": "y", "origin": [20, 11, 15]},
			"faces": {
				"north": {"uv": [4, 11, 5, 13], "texture": "#particle"},
				"east": {"uv": [0, 0, 1, 1], "texture": "#missing"},
				"south": {"uv": [4, 11, 5, 13], "texture": "#particle"},
				"west": {"uv": [4, 12, 5, 13], "texture": "#particle"},
				"up": {"uv": [0, 0, 1, 1], "texture": "#missing"},
				"down": {"uv": [4, 12, 5, 13], "texture": "#particle"}
			}
		},
		{
			"from": [0, 13, 7.25],
			"to": [2, 14, 7.75],
			"rotation": {"angle": 0, "axis": "y", "origin": [10, 21, 15]},
			"faces": {
				"north": {"uv": [14, 2, 16, 3], "texture": "#particle"},
				"east": {"uv": [0, 0, 1, 1], "texture": "#missing"},
				"south": {"uv": [16, 2, 14, 3], "texture": "#particle"},
				"west": {"uv": [15, 2, 16, 3], "texture": "#particle"},
				"up": {"uv": [0, 0, 2, 1], "texture": "#missing"},
				"down": {"uv": [16, 2, 14, 3], "texture": "#particle"}
			}
		},
		{
			"from": [2, 11, 7.25],
			"to": [4, 12, 7.75],
			"rotation": {"angle": 0, "axis": "y", "origin": [12, 19, 15]},
			"faces": {
				"north": {"uv": [12, 4, 14, 5], "texture": "#particle"},
				"east": {"uv": [0, 0, 1, 1], "texture": "#missing"},
				"south": {"uv": [14, 4, 12, 5], "texture": "#particle"},
				"west": {"uv": [13, 4, 14, 5], "texture": "#particle"},
				"up": {"uv": [0, 0, 2, 1], "texture": "#missing"},
				"down": {"uv": [14, 4, 12, 5], "texture": "#particle"}
			}
		},
		{
			"from": [4, 9, 7.25],
			"to": [6, 10, 7.75],
			"rotation": {"angle": 0, "axis": "y", "origin": [14, 17, 15]},
			"faces": {
				"north": {"uv": [10, 6, 12, 7], "texture": "#particle"},
				"east": {"uv": [0, 0, 1, 1], "texture": "#missing"},
				"south": {"uv": [12, 6, 10, 7], "texture": "#particle"},
				"west": {"uv": [11, 6, 12, 7], "texture": "#particle"},
				"up": {"uv": [0, 0, 2, 1], "texture": "#missing"},
				"down": {"uv": [11, 7, 9, 8], "texture": "#particle"}
			}
		},
		{
			"from": [6, 7, 7.25],
			"to": [8, 8, 7.75],
			"rotation": {"angle": 0, "axis": "y", "origin": [16, 15, 15]},
			"faces": {
				"north": {"uv": [8, 8, 10, 9], "texture": "#particle"},
				"east": {"uv": [0, 0, 1, 1], "texture": "#missing"},
				"south": {"uv": [10, 8, 8, 9], "texture": "#particle"},
				"west": {"uv": [9, 8, 10, 9], "texture": "#particle"},
				"up": {"uv": [0, 0, 2, 1], "texture": "#missing"},
				"down": {"uv": [10, 8, 8, 9], "texture": "#particle"}
			}
		},
		{
			"from": [7, 6, 7.25],
			"to": [8, 7, 7.75],
			"rotation": {"angle": 0, "axis": "y", "origin": [16, 14, 15]},
			"faces": {
				"north": {"uv": [8, 9, 9, 10], "texture": "#particle"},
				"east": {"uv": [8, 9, 9, 10], "texture": "#particle"},
				"south": {"uv": [8, 9, 9, 10], "texture": "#particle"},
				"west": {"uv": [8, 9, 9, 10], "texture": "#particle"},
				"up": {"uv": [8, 9, 9, 10], "texture": "#particle"},
				"down": {"uv": [8, 9, 9, 10], "texture": "#particle"}
			}
		},
		{
			"from": [5, 8, 7.25],
			"to": [6, 9, 7.75],
			"rotation": {"angle": 0, "axis": "y", "origin": [14, 16, 15]},
			"faces": {
				"north": {"uv": [10, 7, 11, 8], "texture": "#particle"},
				"east": {"uv": [10, 7, 11, 8], "texture": "#particle"},
				"south": {"uv": [10, 7, 11, 8], "texture": "#particle"},
				"west": {"uv": [10, 7, 11, 8], "texture": "#particle"},
				"up": {"uv": [10, 7, 11, 8], "texture": "#particle"},
				"down": {"uv": [10, 7, 11, 8], "texture": "#particle"}
			}
		},
		{
			"from": [3, 10, 7.25],
			"to": [4, 11, 7.75],
			"rotation": {"angle": 0, "axis": "y", "origin": [12, 18, 15]},
			"faces": {
				"north": {"uv": [12, 5, 13, 6], "texture": "#particle"},
				"east": {"uv": [12, 5, 13, 6], "texture": "#particle"},
				"south": {"uv": [12, 5, 13, 6], "texture": "#particle"},
				"west": {"uv": [12, 5, 13, 6], "texture": "#particle"},
				"up": {"uv": [12, 5, 13, 6], "texture": "#particle"},
				"down": {"uv": [12, 5, 13, 6], "texture": "#particle"}
			}
		},
		{
			"from": [1, 12, 7.25],
			"to": [2, 13, 7.75],
			"rotation": {"angle": 0, "axis": "y", "origin": [10, 20, 15]},
			"faces": {
				"north": {"uv": [14, 3, 15, 4], "texture": "#particle"},
				"east": {"uv": [14, 3, 15, 4], "texture": "#particle"},
				"south": {"uv": [14, 3, 15, 4], "texture": "#particle"},
				"west": {"uv": [14, 3, 15, 4], "texture": "#particle"},
				"up": {"uv": [14, 3, 15, 4], "texture": "#particle"},
				"down": {"uv": [14, 3, 15, 4], "texture": "#particle"}
			}
		},
		{
			"from": [3, 14, 7.25],
			"to": [4, 15, 7.75],
			"rotation": {"angle": 0, "axis": "y", "origin": [12, 22, 15]},
			"faces": {
				"north": {"uv": [12, 1, 13, 2], "texture": "#particle"},
				"east": {"uv": [12, 1, 13, 2], "texture": "#particle"},
				"south": {"uv": [12, 1, 13, 2], "texture": "#particle"},
				"west": {"uv": [12, 1, 13, 2], "texture": "#particle"},
				"up": {"uv": [12, 1, 13, 2], "texture": "#particle"},
				"down": {"uv": [12, 1, 13, 2], "texture": "#particle"}
			}
		},
		{
			"from": [5, 12, 7.25],
			"to": [6, 13, 7.75],
			"rotation": {"angle": 0, "axis": "y", "origin": [14, 20, 15]},
			"faces": {
				"north": {"uv": [10, 3, 11, 4], "texture": "#particle"},
				"east": {"uv": [10, 3, 11, 4], "texture": "#particle"},
				"south": {"uv": [10, 3, 11, 4], "texture": "#particle"},
				"west": {"uv": [10, 3, 11, 4], "texture": "#particle"},
				"up": {"uv": [10, 3, 11, 4], "texture": "#particle"},
				"down": {"uv": [10, 3, 11, 4], "texture": "#particle"}
			}
		},
		{
			"from": [7, 10, 7.25],
			"to": [8, 11, 7.75],
			"rotation": {"angle": 0, "axis": "y", "origin": [16, 18, 15]},
			"faces": {
				"north": {"uv": [8, 5, 9, 6], "texture": "#particle"},
				"east": {"uv": [8, 5, 9, 6], "texture": "#particle"},
				"south": {"uv": [8, 5, 9, 6], "texture": "#particle"},
				"west": {"uv": [8, 5, 9, 6], "texture": "#particle"},
				"up": {"uv": [8, 5, 9, 6], "texture": "#particle"},
				"down": {"uv": [8, 5, 9, 6], "texture": "#particle"}
			}
		},
		{
			"from": [9, 8, 7.25],
			"to": [10, 9, 7.75],
			"rotation": {"angle": 0, "axis": "y", "origin": [18, 16, 15]},
			"faces": {
				"north": {"uv": [6, 7, 7, 8], "texture": "#particle"},
				"east": {"uv": [6, 7, 7, 8], "texture": "#particle"},
				"south": {"uv": [6, 7, 7, 8], "texture": "#particle"},
				"west": {"uv": [6, 7, 7, 8], "texture": "#particle"},
				"up": {"uv": [6, 7, 7, 8], "texture": "#particle"},
				"down": {"uv": [6, 7, 7, 8], "texture": "#particle"}
			}
		},
		{
			"from": [8, 6, 7.25],
			"to": [10, 8, 7.75],
			"rotation": {"angle": 0, "axis": "y", "origin": [17, 14, 15]},
			"faces": {
				"north": {"uv": [6, 8, 8, 10], "texture": "#particle"},
				"east": {"uv": [0, 0, 1, 4], "texture": "#missing"},
				"south": {"uv": [8, 8, 6, 10], "texture": "#particle"},
				"west": {"uv": [0, 0, 1, 4], "texture": "#missing"},
				"up": {"uv": [0, 0, 4, 1], "texture": "#missing"},
				"down": {"uv": [0, 0, 4, 1], "texture": "#missing"}
			}
		},
		{
			"from": [6, 8, 7.25],
			"to": [9, 10, 7.75],
			"rotation": {"angle": 0, "axis": "y", "origin": [15, 16, 15]},
			"faces": {
				"north": {"uv": [7, 6, 10, 8], "texture": "#particle"},
				"east": {"uv": [8, 5, 9, 7], "texture": "#particle"},
				"south": {"uv": [10, 6, 7, 8], "texture": "#particle"},
				"west": {"uv": [0, 0, 1, 2], "texture": "#missing"},
				"up": {"uv": [10, 6, 7, 7], "texture": "#particle"},
				"down": {"uv": [0, 0, 3, 1], "texture": "#missing"}
			}
		},
		{
			"from": [4, 10, 7.25],
			"to": [7, 12, 7.75],
			"rotation": {"angle": 0, "axis": "y", "origin": [13, 18, 15]},
			"faces": {
				"north": {"uv": [9, 4, 12, 6], "texture": "#particle"},
				"east": {"uv": [9, 4, 10, 6], "texture": "#particle"},
				"south": {"uv": [12, 4, 9, 6], "texture": "#particle"},
				"west": {"uv": [0, 0, 1, 2], "texture": "#missing"},
				"up": {"uv": [12, 4, 9, 5], "texture": "#particle"},
				"down": {"uv": [0, 0, 3, 1], "texture": "#missing"}
			}
		},
		{
			"from": [2, 12, 7.25],
			"to": [5, 14, 7.75],
			"rotation": {"angle": 0, "axis": "y", "origin": [11, 20, 15]},
			"faces": {
				"north": {"uv": [11, 2, 14, 4], "texture": "#particle"},
				"east": {"uv": [11, 2, 12, 4], "texture": "#particle"},
				"south": {"uv": [14, 2, 11, 4], "texture": "#particle"},
				"west": {"uv": [0, 0, 1, 2], "texture": "#missing"},
				"up": {"uv": [14, 2, 11, 3], "texture": "#particle"},
				"down": {"uv": [0, 0, 3, 1], "texture": "#missing"}
			}
		},
		{
			"from": [0, 14, 7.25],
			"to": [3, 16, 7.75],
			"rotation": {"angle": 0, "axis": "y", "origin": [9, 22, 15]},
			"faces": {
				"north": {"uv": [13, 0, 16, 2], "texture": "#particle"},
				"east": {"uv": [13, 0, 14, 2], "texture": "#particle"},
				"south": {"uv": [16, 0, 13, 2], "texture": "#particle"},
				"west": {"uv": [15, 0, 16, 2], "texture": "#particle"},
				"up": {"uv": [16, 0, 13, 1], "texture": "#particle"},
				"down": {"uv": [0, 0, 3, 1], "texture": "#missing"}
			}
		}
	],
	"gui_light": "front",
	"display": {
		"thirdperson_righthand": {
			"rotation": [0, -90, -45],
			"translation": [-0.5, 4.25, 1.5]
		},
		"thirdperson_lefthand": {
			"rotation": [0, 90, 45],
			"translation": [0.5, 4.25, 1.5]
		},
		"firstperson_righthand": {
			"rotation": [0, -90, -16],
			"translation": [0, 3.75, -0.75]
		},
		"firstperson_lefthand": {
			"rotation": [0, 90, 16],
			"translation": [1, 3.75, -0.75]
		},
		"ground": {
			"translation": [0, 3, 0],
			"scale": [0.85, 0.85, 0.85]
		},
		"gui": {
			"rotation": [0, -180, 0],
			"scale": [0.85, 0.85, 0.85]
		}
	},
	"groups": [
		{
			"name": "sword",
			"origin": [9, 22, 15],
			"children": [0, 1, 2, 3, 4, 5, 6, 7, 8, 9, 10, 11, 12, 13, 14, 15, 16, 17, 18, 19, 20, 21, 22, 23, 24, 25, 26, 27, 28, 29]
		}
	]
}