{
	"credit": "Made with Blockbench",
	"texture_size": [32, 32],
	"textures": {
		"0": "./dark_katana",
		"particle": "./dark_katana"
	},
	"elements": [
		{
			"from": [14, 1, 7],
			"to": [16, 2, 8],
			"rotation": {"angle": 0, "axis": "y", "origin": [23, 9, 15]},
			"faces": {
				"north": {"uv": [0, 15, 1, 15.5], "texture": "#0"},
				"east": {"uv": [0, 15, 0.5, 15.5], "texture": "#0"},
				"south": {"uv": [1, 15, 0, 15.5], "texture": "#0"},
				"west": {"uv": [0.5, 15, 1, 15.5], "texture": "#0"},
				"up": {"uv": [1, 15, 0, 15.5], "texture": "#0"},
				"down": {"uv": [0, 0, 1, 0.5], "texture": "#missing"}
			}
		},
		{
			"from": [13, 2, 7.25],
			"to": [15, 4, 7.75],
			"rotation": {"angle": 0, "axis": "y", "origin": [22, 10, 15]},
			"faces": {
				"north": {"uv": [0.5, 14, 1.5, 15], "texture": "#0"},
				"east": {"uv": [0.5, 14, 1.5, 15], "texture": "#0"},
				"south": {"uv": [0.5, 14, 1.5, 15], "texture": "#0"},
				"west": {"uv": [0.5, 14, 1.5, 15], "texture": "#0"},
				"up": {"uv": [0.5, 14, 1.5, 15], "texture": "#0"},
				"down": {"uv": [0.5, 14, 1.5, 15], "texture": "#0"}
			}
		},
		{
			"from": [13, 4, 7.25],
			"to": [14, 5, 7.75],
			"rotation": {"angle": 0, "axis": "y", "origin": [21, 11, 15]},
			"faces": {
				"north": {"uv": [1, 13.5, 1.5, 14], "texture": "#0"},
				"east": {"uv": [1, 13.5, 1.5, 14], "texture": "#0"},
				"south": {"uv": [1, 13.5, 1.5, 14], "texture": "#0"},
				"west": {"uv": [1, 13.5, 1.5, 14], "texture": "#0"},
				"up": {"uv": [1, 13.5, 1.5, 14], "texture": "#0"},
				"down": {"uv": [1, 13.5, 1.5, 14], "texture": "#0"}
			}
		},
		{
			"from": [11, 4, 7.25],
			"to": [12, 5, 7.75],
			"rotation": {"angle": 0, "axis": "y", "origin": [19, 11, 15]},
			"faces": {
				"north": {"uv": [2, 13.5, 2.5, 14], "texture": "#0"},
				"east": {"uv": [1, 13.5, 1.5, 14], "texture": "#0"},
				"south": {"uv": [1, 13.5, 1.5, 14], "texture": "#0"},
				"west": {"uv": [1, 13.5, 1.5, 14], "texture": "#0"},
				"up": {"uv": [1, 13.5, 1.5, 14], "texture": "#0"},
				"down": {"uv": [1, 13.5, 1.5, 14], "texture": "#0"}
			}
		},
		{
			"from": [12, 6, 7],
			"to": [13, 8, 8],
			"rotation": {"angle": 0, "axis": "y", "origin": [20, 13, 15]},
			"faces": {
				"north": {"uv": [1.5, 12, 2, 13], "texture": "#0"},
				"east": {"uv": [1.5, 12, 2, 13], "texture": "#0"},
				"south": {"uv": [1.5, 12, 2, 13], "texture": "#0"},
				"west": {"uv": [1.5, 12, 2, 13], "texture": "#0"},
				"up": {"uv": [1.5, 12, 2, 12.5], "texture": "#0"},
				"down": {"uv": [1.5, 12.5, 2, 13], "texture": "#0"}
			}
		},
		{
			"from": [11, 5, 7],
			"to": [12, 7, 8],
			"rotation": {"angle": 0, "axis": "y", "origin": [19, 12, 15]},
			"faces": {
				"north": {"uv": [2, 12.5, 2.5, 13.5], "texture": "#0"},
				"east": {"uv": [2, 12.5, 2.5, 13.5], "texture": "#0"},
				"south": {"uv": [2, 12.5, 2.5, 13.5], "texture": "#0"},
				"west": {"uv": [2, 12.5, 2.5, 13.5], "texture": "#0"},
				"up": {"uv": [2, 12.5, 2.5, 13], "texture": "#0"},
				"down": {"uv": [2, 13, 2.5, 13.5], "texture": "#0"}
			}
		},
		{
			"from": [9, 6, 7.25],
			"to": [11, 8, 7.75],
			"rotation": {"angle": 0, "axis": "y", "origin": [18, 13, 15]},
			"faces": {
				"north": {"uv": [2.5, 12, 3.5, 13], "texture": "#0"},
				"east": {"uv": [2.5, 12, 3, 13], "texture": "#0"},
				"south": {"uv": [3.5, 12, 2.5, 13], "texture": "#0"},
				"west": {"uv": [3, 12, 3.5, 13], "texture": "#0"},
				"up": {"uv": [3.5, 12, 2.5, 12.5], "texture": "#0"},
				"down": {"uv": [3.5, 12.5, 2.5, 13], "texture": "#0"}
			}
		},
		{
			"from": [7, 8, 7.25],
			"to": [9, 10, 7.75],
			"rotation": {"angle": 0, "axis": "y", "origin": [16, 15, 15]},
			"faces": {
				"north": {"uv": [3.5, 11, 4.5, 12], "texture": "#0"},
				"east": {"uv": [3.5, 11, 4, 12], "texture": "#0"},
				"south": {"uv": [4.5, 11, 3.5, 12], "texture": "#0"},
				"west": {"uv": [4, 11, 4.5, 12], "texture": "#0"},
				"up": {"uv": [4.5, 11, 3.5, 11.5], "texture": "#0"},
				"down": {"uv": [4.5, 11.5, 3.5, 12], "texture": "#0"}
			}
		},
		{
			"from": [5, 10, 7.25],
			"to": [7, 12, 7.75],
			"rotation": {"angle": 0, "axis": "y", "origin": [14, 17, 15]},
			"faces": {
				"north": {"uv": [4.5, 10, 5.5, 11], "texture": "#0"},
				"east": {"uv": [4.5, 10, 5, 11], "texture": "#0"},
				"south": {"uv": [5.5, 10, 4.5, 11], "texture": "#0"},
				"west": {"uv": [4.5, 10.5, 5, 11.5], "texture": "#0"},
				"up": {"uv": [5.5, 10, 4.5, 10.5], "texture": "#0"},
				"down": {"uv": [5, 11, 4, 11.5], "texture": "#0"}
			}
		},
		{
			"from": [3, 12, 7.25],
			"to": [5, 14, 7.75],
			"rotation": {"angle": 0, "axis": "y", "origin": [12, 19, 15]},
			"faces": {
				"north": {"uv": [5.5, 9, 6.5, 10], "texture": "#0"},
				"east": {"uv": [5.5, 9, 6, 10], "texture": "#0"},
				"south": {"uv": [6.5, 9, 5.5, 10], "texture": "#0"},
				"west": {"uv": [6, 9, 6.5, 10], "texture": "#0"},
				"up": {"uv": [6.5, 9, 5.5, 9.5], "texture": "#0"},
				"down": {"uv": [6.5, 9.5, 5.5, 10], "texture": "#0"}
			}
		},
		{
			"from": [1, 14, 7.25],
			"to": [3, 16, 7.75],
			"rotation": {"angle": 0, "axis": "y", "origin": [10, 21, 15]},
			"faces": {
				"north": {"uv": [6.5, 8, 7.5, 9], "texture": "#0"},
				"east": {"uv": [6.5, 8, 7, 9], "texture": "#0"},
				"south": {"uv": [7.5, 8, 6.5, 9], "texture": "#0"},
				"west": {"uv": [0, 0, 0.5, 1], "texture": "#missing"},
				"up": {"uv": [6.5, 8, 7.5, 8.5], "texture": "#0"},
				"down": {"uv": [7.5, 8.5, 6.5, 9], "texture": "#0"}
			}
		},
		{
			"from": [-2, 15, 7.25],
			"to": [1, 17, 7.75],
			"rotation": {"angle": 0, "axis": "y", "origin": [8, 22, 15]},
			"faces": {
				"north": {"uv": [7.5, 7.5, 9, 8.5], "texture": "#0"},
				"east": {"uv": [7.5, 7.5, 8, 8.5], "texture": "#0"},
				"south": {"uv": [9, 7.5, 7.5, 8.5], "texture": "#0"},
				"west": {"uv": [8.5, 7.5, 9, 8.5], "texture": "#0"},
				"up": {"uv": [9, 7.5, 7.5, 8], "texture": "#0"},
				"down": {"uv": [9, 8, 7.5, 8.5], "texture": "#0"}
			}
		},
		{
			"from": [10, 4, 7],
			"to": [11, 6, 8],
			"rotation": {"angle": 0, "axis": "y", "origin": [18, 11, 15]},
			"faces": {
				"north": {"uv": [2.5, 13, 3, 14], "texture": "#0"},
				"east": {"uv": [2.5, 13, 3, 14], "texture": "#0"},
				"south": {"uv": [2.5, 13, 3, 14], "texture": "#0"},
				"west": {"uv": [2.5, 13, 3, 14], "texture": "#0"},
				"up": {"uv": [2.5, 13, 3, 13.5], "texture": "#0"},
				"down": {"uv": [2.5, 13.5, 3, 14], "texture": "#0"}
			}
		},
		{
			"from": [9, 4, 7],
			"to": [10, 5, 8],
			"rotation": {"angle": 0, "axis": "y", "origin": [17, 11, 15]},
			"faces": {
				"north": {"uv": [3, 13.5, 3.5, 14], "texture": "#0"},
				"east": {"uv": [3, 13.5, 3.5, 14], "texture": "#0"},
				"south": {"uv": [3, 13.5, 3.5, 14], "texture": "#0"},
				"west": {"uv": [3, 13.5, 3.5, 14], "texture": "#0"},
				"up": {"uv": [3, 13.5, 3.5, 14], "texture": "#0"},
				"down": {"uv": [3, 13.5, 3.5, 14], "texture": "#0"}
			}
		},
		{
			"from": [8, 7, 7.25],
			"to": [9, 8, 7.75],
			"rotation": {"angle": 0, "axis": "y", "origin": [16, 14, 15]},
			"faces": {
				"north": {"uv": [3.5, 12, 4, 12.5], "texture": "#0"},
				"east": {"uv": [3.5, 12, 4, 12.5], "texture": "#0"},
				"south": {"uv": [3.5, 12, 4, 12.5], "texture": "#0"},
				"west": {"uv": [3.5, 12, 4, 12.5], "texture": "#0"},
				"up": {"uv": [3.5, 12, 4, 12.5], "texture": "#0"},
				"down": {"uv": [3.5, 12, 4, 12.5], "texture": "#0"}
			}
		},
		{
			"from": [9, 8, 7.25],
			"to": [10, 9, 7.75],
			"rotation": {"angle": 0, "axis": "y", "origin": [17, 15, 15]},
			"faces": {
				"north": {"uv": [3, 11.5, 3.5, 12], "texture": "#0"},
				"east": {"uv": [3, 11.5, 3.5, 12], "texture": "#0"},
				"south": {"uv": [3, 11.5, 3.5, 12], "texture": "#0"},
				"west": {"uv": [3, 11.5, 3.5, 12], "texture": "#0"},
				"up": {"uv": [3, 11.5, 3.5, 12], "texture": "#0"},
				"down": {"uv": [3, 11.5, 3.5, 12], "texture": "#0"}
			}
		},
		{
			"from": [-3, 16, 7.25],
			"to": [-2, 17, 7.75],
			"rotation": {"angle": 0, "axis": "y", "origin": [5, 23, 15]},
			"faces": {
				"north": {"uv": [9, 7.5, 9.5, 8], "texture": "#0"},
				"east": {"uv": [9, 7.5, 9.5, 8], "texture": "#0"},
				"south": {"uv": [9, 7.5, 9.5, 8], "texture": "#0"},
				"west": {"uv": [9, 7.5, 9.5, 8], "texture": "#0"},
				"up": {"uv": [9, 7.5, 9.5, 8], "texture": "#0"},
				"down": {"uv": [9, 7.5, 9.5, 8], "texture": "#0"}
			}
		},
		{
			"from": [0, 14, 7.25],
			"to": [1, 15, 7.75],
			"rotation": {"angle": 0, "axis": "y", "origin": [8, 21, 15]},
			"faces": {
				"north": {"uv": [7.5, 8.5, 8, 9], "texture": "#0"},
				"east": {"uv": [7.5, 8.5, 8, 9], "texture": "#0"},
				"south": {"uv": [7.5, 8.5, 8, 9], "texture": "#0"},
				"west": {"uv": [7.5, 8.5, 8, 9], "texture": "#0"},
				"up": {"uv": [7.5, 8.5, 8, 9], "texture": "#0"},
				"down": {"uv": [7.5, 8.5, 8, 9], "texture": "#0"}
			}
		},
		{
			"from": [3, 14, 7.25],
			"to": [4, 15, 7.75],
			"rotation": {"angle": 0, "axis": "y", "origin": [11, 21, 15]},
			"faces": {
				"north": {"uv": [6, 8.5, 6.5, 9], "texture": "#0"},
				"east": {"uv": [6, 8.5, 6.5, 9], "texture": "#0"},
				"south": {"uv": [6, 8.5, 6.5, 9], "texture": "#0"},
				"west": {"uv": [6, 8.5, 6.5, 9], "texture": "#0"},
				"up": {"uv": [6, 8.5, 6.5, 9], "texture": "#0"},
				"down": {"uv": [6, 8.5, 6.5, 9], "texture": "#0"}
			}
		},
		{
			"from": [2, 13, 7.25],
			"to": [3, 14, 7.75],
			"rotation": {"angle": 0, "axis": "y", "origin": [10, 20, 15]},
			"faces": {
				"north": {"uv": [6.5, 9, 7, 9.5], "texture": "#0"},
				"east": {"uv": [6.5, 9, 7, 9.5], "texture": "#0"},
				"south": {"uv": [6.5, 9, 7, 9.5], "texture": "#0"},
				"west": {"uv": [6.5, 9, 7, 9.5], "texture": "#0"},
				"up": {"uv": [6.5, 9, 7, 9.5], "texture": "#0"},
				"down": {"uv": [6.5, 9, 7, 9.5], "texture": "#0"}
			}
		},
		{
			"from": [4, 11, 7.25],
			"to": [5, 12, 7.75],
			"rotation": {"angle": 0, "axis": "y", "origin": [12, 18, 15]},
			"faces": {
				"north": {"uv": [5.5, 10, 6, 10.5], "texture": "#0"},
				"east": {"uv": [5.5, 10, 6, 10.5], "texture": "#0"},
				"south": {"uv": [5.5, 10, 6, 10.5], "texture": "#0"},
				"west": {"uv": [5.5, 10, 6, 10.5], "texture": "#0"},
				"up": {"uv": [5.5, 10, 6, 10.5], "texture": "#0"},
				"down": {"uv": [5.5, 10, 6, 10.5], "texture": "#0"}
			}
		},
		{
			"from": [5, 12, 7.25],
			"to": [6, 13, 7.75],
			"rotation": {"angle": 0, "axis": "y", "origin": [13, 19, 15]},
			"faces": {
				"north": {"uv": [5, 9.5, 5.5, 10], "texture": "#0"},
				"east": {"uv": [5, 9.5, 5.5, 10], "texture": "#0"},
				"south": {"uv": [5, 9.5, 5.5, 10], "texture": "#0"},
				"west": {"uv": [5, 9.5, 5.5, 10], "texture": "#0"},
				"up": {"uv": [5, 9.5, 5.5, 10], "texture": "#0"},
				"down": {"uv": [5, 9.5, 5.5, 10], "texture": "#0"}
			}
		},
		{
			"from": [7, 10, 7.25],
			"to": [8, 11, 7.75],
			"rotation": {"angle": 0, "axis": "y", "origin": [15, 17, 15]},
			"faces": {
				"north": {"uv": [4, 10.5, 4.5, 11], "texture": "#0"},
				"east": {"uv": [4, 10.5, 4.5, 11], "texture": "#0"},
				"south": {"uv": [4, 10.5, 4.5, 11], "texture": "#0"},
				"west": {"uv": [4, 10.5, 4.5, 11], "texture": "#0"},
				"up": {"uv": [4, 10.5, 4.5, 11], "texture": "#0"},
				"down": {"uv": [4, 10.5, 4.5, 11], "texture": "#0"}
			}
		},
		{
			"from": [6, 9, 7.25],
			"to": [7, 10, 7.75],
			"rotation": {"angle": 0, "axis": "y", "origin": [14, 16, 15]},
			"faces": {
				"north": {"uv": [4.5, 11, 5, 11.5], "texture": "#0"},
				"east": {"uv": [4.5, 11, 5, 11.5], "texture": "#0"},
				"south": {"uv": [4.5, 11, 5, 11.5], "texture": "#0"},
				"west": {"uv": [4.5, 11, 5, 11.5], "texture": "#0"},
				"up": {"uv": [4.5, 11, 5, 11.5], "texture": "#0"},
				"down": {"uv": [4.5, 11, 5, 11.5], "texture": "#0"}
			}
		},
		{
			"from": [12, 3, 7.25],
			"to": [13, 6, 7.75],
			"rotation": {"angle": 0, "axis": "y", "origin": [20, 10, 15]},
			"faces": {
				"north": {"uv": [1.5, 13, 2, 14.5], "texture": "#0"},
				"east": {"uv": [1.5, 13, 2, 14.5], "texture": "#0"},
				"south": {"uv": [1.5, 13, 2, 14.5], "texture": "#0"},
				"west": {"uv": [1.5, 13, 2, 14.5], "texture": "#0"},
				"up": {"uv": [1.5, 13, 2, 14.5], "texture": "#0"},
				"down": {"uv": [1.5, 13, 2, 14.5], "texture": "#0"}
			}
		},
		{
			"from": [13, 1, 7.25],
			"to": [14, 2, 7.75],
			"rotation": {"angle": 0, "axis": "y", "origin": [21, 8, 15]},
			"faces": {
				"north": {"uv": [1, 15, 1.5, 15.5], "texture": "#0"},
				"east": {"uv": [1, 15, 1.5, 15.5], "texture": "#0"},
				"south": {"uv": [1, 15, 1.5, 15.5], "texture": "#0"},
				"west": {"uv": [1, 15, 1.5, 15.5], "texture": "#0"},
				"up": {"uv": [1, 15, 1.5, 15.5], "texture": "#0"},
				"down": {"uv": [1, 15, 1.5, 15.5], "texture": "#0"}
			}
		},
		{
			"from": [14, 0, 7],
			"to": [15, 1, 8],
			"rotation": {"angle": 0, "axis": "y", "origin": [23, 8, 15]},
			"faces": {
				"north": {"uv": [0.5, 15.5, 1, 16], "texture": "#0"},
				"east": {"uv": [0.5, 15.5, 1, 16], "texture": "#0"},
				"south": {"uv": [0.5, 15.5, 1, 16], "texture": "#0"},
				"west": {"uv": [0.5, 15.5, 1, 16], "texture": "#0"},
				"up": {"uv": [0.5, 15.5, 1, 16], "texture": "#0"},
				"down": {"uv": [0.5, 15.5, 1, 16], "texture": "#0"}
			}
		}
	],
	"gui_light": "front",
	"display": {
		"thirdperson_righthand": {
			"rotation": [0, 90, -45],
			"translation": [0.5, 5, 3]
		},
		"thirdperson_lefthand": {
			"rotation": [0, -90, 45],
			"translation": [-0.5, 5, 2.5]
		},
		"firstperson_righthand": {
			"rotation": [-51, 90, -10],
			"translation": [-0.5, 5.5, 4],
			"scale": [0.68, 0.68, 0.68]
		},
		"firstperson_lefthand": {
			"rotation": [-50, -90, 10],
			"translation": [0.5, 4.75, 2.5],
			"scale": [0.68, 0.68, 0.68]
		},
		"ground": {
			"translation": [0, 3, 0],
			"scale": [0.85, 0.85, 0.85]
		},
		"gui": {
			"rotation": [0, -180, 0],
			"translation": [-1, -0.75, 0],
			"scale": [0.8, 0.8, 0.8]
		},
		"fixed": {
			"translation": [1.25, -1, 0],
			"scale": [0.9, 0.9, 0.9]
		}
	}
}