{
	"credit": "Made with Blockbench",
	"parent": "item/generated",
	"textures": {
		"layer0": "venom_glaive/venom_glaive"
	},
	"gui_light": "front",
	"display": {
		"thirdperson_righthand": {
			"rotation": [0, 90, 45],
			"translation": [0, 3.75, 2.25],
			"scale": [2, 2, 1]
		},
		"thirdperson_lefthand": {
			"rotation": [0, -90, -45],
			"translation": [0, 3.75, 2.5],
			"scale": [2, 2, 1]
		},
		"firstperson_righthand": {
			"rotation": [0, 90, 30],
			"translation": [3.75, 3.25, 1],
			"scale": [1.36, 1.36, 0.68]
		},
		"firstperson_lefthand": {
			"rotation": [0, -90, -30],
			"translation": [2.5, 3.25, 2],
			"scale": [1.36, 1.36, 0.68]
		},
		"ground": {
			"translation": [0, 12, 0],
			"scale": [2, 2, 1]
		},
		"gui": {
			"rotation": [0, -180, 90],
			"translation": [0, 0.5, 0]
		},
		"fixed": {
			"rotation": [0, 0, 90],
			"translation": [-0.25, 0.25, -0.5]
		}
	}
}