{
	"credit": "Made with Blockbench",
	"parent": "item/generated",
	"textures": {
		"layer0": "lightning_harp_crossbow/lightning_harp_crossbow"
	},
	"display": {
		"thirdperson_righthand": {
			"rotation": [-90, 0, -60],
			"translation": [11, 0.6, 0],
			"scale": [1.8, 1.8, 0.9]
		},
		"thirdperson_lefthand": {
			"rotation": [-90, 0, 30],
			"translation": [-7.5, 0.6, -6],
			"scale": [1.8, 1.8, 0.9]
		},
		"firstperson_righthand": {
			"rotation": [-90, 0, -55],
			"translation": [8, 3.2, 1.13],
			"scale": [1.36, 1.36, 0.68]
		},
		"firstperson_lefthand": {
			"rotation": [-90, 0, 35],
			"translation": [-5.5, 3.2, 0.13],
			"scale": [1.36, 1.36, 0.68]
		},
		"ground": {
			"translation": [0, 12, 0],
			"scale": [2, 2, 1]
		},
		"gui": {
			"translation": [7.25, 7.5, 0],
			"scale": [2, 2, 1]
		},
		"fixed": {
			"translation": [7.5, 7.5, 0],
			"scale": [2, 2, 1]
		}
	}
}