{
	"credit": "Made with Blockbench",
	"parent": "item/generated",
	"textures": {
		"layer0": "cursed_axe/cursed_axe"
	},
	"gui_light": "front",
	"display": {
		"thirdperson_righthand": {
			"rotation": [0, 90, 45],
			"translation": [0, 15.75, 2.25],
			"scale": [2, 2, 1]
		},
		"thirdperson_lefthand": {
			"rotation": [0, 90, -45],
			"translation": [0, 15.75, 2.5],
			"scale": [2, 2, 1]
		},
		"firstperson_righthand": {
			"rotation": [-29, -92, 25],
			"translation": [1.25, 10, 0.25],
			"scale": [1.36, 1.36, 0.68]
		},
		"firstperson_lefthand": {
			"rotation": [-18, 74, -36],
			"translation": [1.5, 9, 1.13],
			"scale": [1.36, 1.36, 0.68]
		},
		"ground": {
			"translation": [0, 12, 0],
			"scale": [2, 2, 1]
		},
		"gui": {
			"translation": [7.75, 8, 0],
			"scale": [2, 2, 1]
		},
		"fixed": {
			"rotation": [0, -180, 0],
			"translation": [-7.5, 7.5, -0.5],
			"scale": [2, 2, 1]
		}
	}
}